ChemID,source_casrn,CAS,SMILES,NAME,preferred_name,iupac,MPID,dsstox_substance_id,Canonical_QSARr,InChI_Code_QSARr,InChI Key_QSARr,LogKOA,ID,mol,isosmiles
100001,50-29-3,50-29-3,ClC(Cl)(Cl)C(c1ccc(Cl)cc1)c1ccc(Cl)cc1,"p,p'-DDT","p,p'-DDT","1,1'-(2,2,2-trichloroethane-1,1-diyl)bis(4-chlorobenzene)",18815,DTXSID4020375,ClC(Cl)(Cl)C(c1ccc(Cl)cc1)c1ccc(Cl)cc1,"InChI=1S/C14H9Cl5/c15-11-5-1-9(2-6-11)13(14(17,18)19)10-3-7-12(16)8-4-10/h1-8,13H",YVGGHNCTFXOJCH-UHFFFAOYSA-N,9.82,100001,<rdkit.Chem.rdchem.Mol object at 0x2b78dad96e80>,Clc1ccc(C(c2ccc(Cl)cc2)C(Cl)(Cl)Cl)cc1
100002,56-23-5,56-23-5,ClC(Cl)(Cl)Cl,Tetrachloromethane,Carbon tetrachloride,tetrachloromethane,18816,DTXSID8020250,ClC(Cl)(Cl)Cl,"InChI=1S/CCl4/c2-1(3,4)5",VZGDMQKNWNREIO-UHFFFAOYSA-N,2.79,100002,<rdkit.Chem.rdchem.Mol object at 0x2b78dad7e9a0>,ClC(Cl)(Cl)Cl
100003,58-89-9|319-84-6|319-85-7|319-86-8,58-89-9|319-84-6|319-85-7|319-86-8,"Cl[C@@H]1[C@@H](Cl)[C@H](Cl)[C@H](Cl)[C@@H](Cl)[C@@H]1Cl |&1:1,2,4,6,8,10|","g-HCH, a-HCH, b-HCH, d-HCH",Lindane,,18817|18961|18962|18963,DTXSID2020686|DTXSID2020684|DTXSID7020685|DTXSID5024134,ClC1C(Cl)C(Cl)C(Cl)C(Cl)C1Cl,InChI=1S/C6H6Cl6/c7-1-2(8)4(10)6(12)5(11)3(1)9/h1-6H,JLYXXMFPNIAWKQ-UHFFFAOYSA-N,8.294999999999998,100003,<rdkit.Chem.rdchem.Mol object at 0x2b78dad7e940>,Cl[C@H]1[C@H](Cl)[C@@H](Cl)[C@@H](Cl)[C@H](Cl)[C@H]1Cl
100005,60-57-1|72-20-8,60-57-1|72-20-8,"ClC1(Cl)[C@@]2(Cl)[C@@H]3[C@@H]4C[C@@H]([C@H]5O[C@H]54)[C@@H]3[C@]1(Cl)C(Cl)=C2Cl |o1:3,5,6,8,9,11,12,13|","Dieldrin, Endrin",Dieldrin,,18819|18837,DTXSID9020453|DTXSID6020561,ClC1(Cl)C2(Cl)C3C4CC(C5OC54)C3C1(Cl)C(Cl)=C2Cl,"InChI=1S/C12H8Cl6O/c13-8-9(14)11(16)5-3-1-2(6-7(3)19-6)4(5)10(8,15)12(11,17)18/h2-7H,1H2",DFBKLUNHFCTMDC-UHFFFAOYSA-N,8.515,100005,<rdkit.Chem.rdchem.Mol object at 0x2b78dad7eb80>,ClC1=C(Cl)[C@]2(Cl)[C@@H]3[C@@H]4C[C@H]([C@@H]3[C@@]1(Cl)C2(Cl)Cl)[C@H]1O[C@@H]41
100006,62-44-2,62-44-2,CC(=O)Nc1ccc(cc1)OCC,4-Ethoxyacetanilide,Phenacetin,N-(4-ethoxyphenyl)acetamide,18820,DTXSID1021116,CC(=O)Nc1ccc(cc1)OCC,"InChI=1S/C10H13NO2/c1-3-13-10-6-4-9(5-7-10)11-8(2)12/h4-7H,3H2,1-2H3,(H,11,12)",CPJSUEIXXCENMM-UHFFFAOYSA-N,9.59,100006,<rdkit.Chem.rdchem.Mol object at 0x2b78dad648e0>,CCOc1ccc(NC(C)=O)cc1
100007,64-17-5,64-17-5,CCO,Ethanol,Ethanol,ethanol,18821,DTXSID9020584,CCO,"InChI=1S/C2H6O/c1-2-3/h3H,2H2,1H3",LFQSCWFLJHTTHZ-UHFFFAOYSA-N,3.25,100007,<rdkit.Chem.rdchem.Mol object at 0x2b78dada0220>,CCO
100009,66-25-1,66-25-1,CCCCCC=O,Hexanal,Hexanal,hexanal,18823,DTXSID2021604,CCCCCC=O,"InChI=1S/C6H12O/c1-2-3-4-5-6-7/h6H,2-5H2,1H3",JARKCYVAAOWBJS-UHFFFAOYSA-N,4.41,100009,<rdkit.Chem.rdchem.Mol object at 0x2b78dada8580>,CCCCCC=O
100010,67-56-1,67-56-1,CO,Methanol,Methanol,methanol,18824,DTXSID2021731,CO,"InChI=1S/CH4O/c1-2/h2H,1H3",OKKJLVBELUTLKV-UHFFFAOYSA-N,2.88,100010,<rdkit.Chem.rdchem.Mol object at 0x2b78dada8460>,CO
100011,67-63-0,67-63-0,CC(C)O,2-Propanol,Isopropanol,propan-2-ol,18825,DTXSID7020762,CC(C)O,"InChI=1S/C3H8O/c1-3(2)4/h3-4H,1-2H3",KFZMGEQAYNKOFK-UHFFFAOYSA-N,3.41,100011,<rdkit.Chem.rdchem.Mol object at 0x2b78da3efbe0>,CC(C)O
100013,67-66-3,67-66-3,ClC(Cl)Cl,Trichloromethane,Chloroform,trichloromethane,18827,DTXSID1020306,ClC(Cl)Cl,InChI=1S/CHCl3/c2-1(3)4/h1H,HEDRZPFGACZZDS-UHFFFAOYSA-N,2.8,100013,<rdkit.Chem.rdchem.Mol object at 0x2b78da3efc40>,ClC(Cl)Cl
100014,67-68-5,67-68-5,CS(C)=O,Dimethyl sulfoxide,Dimethyl sulfoxide,C2H6OS,18828,DTXSID2021735,CS(C)=O,InChI=1S/C2H6OS/c1-4(2)3/h1-2H3,IAZDPXIOMUYVGZ-UHFFFAOYSA-N,4.96,100014,<rdkit.Chem.rdchem.Mol object at 0x2b78da3efd00>,CS(C)=O
100015,67-72-1,67-72-1,ClC(Cl)(Cl)C(Cl)(Cl)Cl,Hexachloroethane,Hexachloroethane,hexachloroethane,18829,DTXSID7020689,ClC(Cl)(Cl)C(Cl)(Cl)Cl,"InChI=1S/C2Cl6/c3-1(4,5)2(6,7)8",VHHHONWQHHHLTI-UHFFFAOYSA-N,4.47,100015,<rdkit.Chem.rdchem.Mol object at 0x2b78da3effa0>,ClC(Cl)(Cl)C(Cl)(Cl)Cl
100017,69-72-7,69-72-7,Oc1ccccc1C(O)=O,2-Hydroxybenzoic acid,Salicylic acid,2-hydroxybenzoic acid,18831,DTXSID7026368,Oc1ccccc1C(O)=O,"InChI=1S/C7H6O3/c8-6-4-2-1-3-5(6)7(9)10/h1-4,8H,(H,9,10)",YGSDEFSMJLZEOE-UHFFFAOYSA-N,7.44,100017,<rdkit.Chem.rdchem.Mol object at 0x2b78da3efca0>,O=C(O)c1ccccc1O
100018,71-23-8,71-23-8,CCCO,1-Propanol,1-Propanol,propan-1-ol,18832,DTXSID2021739,CCCO,"InChI=1S/C3H8O/c1-2-3-4/h4H,2-3H2,1H3",BDERNNFJNOPAEC-UHFFFAOYSA-N,3.71,100018,<rdkit.Chem.rdchem.Mol object at 0x2b78da3efd60>,CCCO
100019,71-36-3,71-36-3,CCCCO,1-Butanol,1-Butanol,butan-1-ol,18833,DTXSID1021740,CCCCO,"InChI=1S/C4H10O/c1-2-3-4-5/h5H,2-4H2,1H3",LRHPLDYGYMQRHN-UHFFFAOYSA-N,4.19,100019,<rdkit.Chem.rdchem.Mol object at 0x2b78da3efe20>,CCCCO
100021,71-43-2,71-43-2,c1ccccc1,Benzene,Benzene,benzene,18835,DTXSID3039242,c1ccccc1,InChI=1S/C6H6/c1-2-4-6-5-3-1/h1-6H,UHOVQNZJYSORNB-UHFFFAOYSA-N,2.78,100021,<rdkit.Chem.rdchem.Mol object at 0x2b78da3eff40>,c1ccccc1
100022,71-55-6,71-55-6,CC(Cl)(Cl)Cl,"1,1,1-Trichloroethane","1,1,1-Trichloroethane","1,1,1-trichloroethane",18836,DTXSID0021381,CC(Cl)(Cl)Cl,"InChI=1S/C2H3Cl3/c1-2(3,4)5/h1H3",UOCLXMDMGBRAIB-UHFFFAOYSA-N,2.7,100022,<rdkit.Chem.rdchem.Mol object at 0x2b78da3e42e0>,CC(Cl)(Cl)Cl
100024,72-54-8,72-54-8,ClC(Cl)C(c1ccc(Cl)cc1)c1ccc(Cl)cc1,"p,p'-DDD","p,p'-DDD","1,1'-(2,2-dichloroethane-1,1-diyl)bis(4-chlorobenzene)",18838,DTXSID4020373,ClC(Cl)C(c1ccc(Cl)cc1)c1ccc(Cl)cc1,"InChI=1S/C14H10Cl4/c15-11-5-1-9(2-6-11)13(14(17)18)10-3-7-12(16)8-4-10/h1-8,13-14H",AHJKRLASYNVKDZ-UHFFFAOYSA-N,10.1,100024,<rdkit.Chem.rdchem.Mol object at 0x2b78da3e4340>,Clc1ccc(C(c2ccc(Cl)cc2)C(Cl)Cl)cc1
100027,74-84-0,74-84-0,CC,Ethane,Ethane,ethane,18841,DTXSID6026377,CC,InChI=1S/C2H6/c1-2/h1-2H3,OTMSDBZUPAUEDD-UHFFFAOYSA-N,0.42,100027,<rdkit.Chem.rdchem.Mol object at 0x2b78da3e4400>,CC
100028,74-85-1,74-85-1,C=C,Ethene,Ethylene,ethene,18842,DTXSID1026378,C=C,InChI=1S/C2H4/c1-2/h1-2H2,VGGSQFUCUMXWEO-UHFFFAOYSA-N,0.28,100028,<rdkit.Chem.rdchem.Mol object at 0x2b78da3e4460>,C=C
100030,74-88-4,74-88-4,CI,Iodomethane,Methyl iodide,iodomethane,18844,DTXSID0024187,CI,InChI=1S/CH3I/c1-2/h1H3,INQOMBQAUSQDDS-UHFFFAOYSA-N,2.16,100030,<rdkit.Chem.rdchem.Mol object at 0x2b78da3e44c0>,CI
100031,74-89-5,74-89-5,CN,Methylamine,Methylamine,methanamine,18845,DTXSID7025683,CN,"InChI=1S/CH5N/c1-2/h2H2,1H3",BAVYZALUXZFZLV-UHFFFAOYSA-N,1.9,100031,<rdkit.Chem.rdchem.Mol object at 0x2b78da3e4520>,CN
100032,74-95-3,74-95-3,BrCBr,Dibromomethane,Dibromomethane,dibromomethane,18846,DTXSID4021557,BrCBr,InChI=1S/CH2Br2/c2-1-3/h1H2,FJBFPHVGVWTDIP-UHFFFAOYSA-N,3.07,100032,<rdkit.Chem.rdchem.Mol object at 0x2b78da3e4580>,BrCBr
100034,74-98-6,74-98-6,CCC,Propane,Propane,propane,18848,DTXSID5026386,CCC,"InChI=1S/C3H8/c1-3-2/h3H2,1-2H3",ATUOYWHBWRKTHZ-UHFFFAOYSA-N,0.97,100034,<rdkit.Chem.rdchem.Mol object at 0x2b78da3e45e0>,CCC
100035,75-03-6,75-03-6,CCI,Iodoethane,"Ethane, iodo-",Iodoethane,18849,DTXSID9058783,CCI,"InChI=1S/C2H5I/c1-2-3/h2H2,1H3",HVTICUPFWKNHNG-UHFFFAOYSA-N,2.59,100035,<rdkit.Chem.rdchem.Mol object at 0x2b78da3e4640>,CCI
100036,75-05-8,75-05-8,CC#N,Acetonitrile,Acetonitrile,acetonitrile,18850,DTXSID7020009,CC#N,InChI=1S/C2H3N/c1-2-3/h1H3,WEVYAHXRMPXWCK-UHFFFAOYSA-N,2.31,100036,<rdkit.Chem.rdchem.Mol object at 0x2b78da3e46a0>,CC#N
100038,75-15-0,75-15-0,S=C=S,Carbon disulfide,Carbon disulfide,methanedithione,18852,DTXSID6023947,S=C=S,InChI=1S/CS2/c2-1-3,QGJOPFRUJISHPQ-UHFFFAOYSA-N,2.28,100038,<rdkit.Chem.rdchem.Mol object at 0x2b78da3e4700>,S=C=S
100039,75-34-3,75-34-3,CC(Cl)Cl,"1,1-Dichloroethane","1,1-Dichloroethane","1,1-dichloroethane",18853,DTXSID1020437,CC(Cl)Cl,"InChI=1S/C2H4Cl2/c1-2(3)4/h2H,1H3",SCYULBFZEHDVBN-UHFFFAOYSA-N,2.41,100039,<rdkit.Chem.rdchem.Mol object at 0x2b78da3e4760>,CC(Cl)Cl
100040,75-52-5,75-52-5,C[N+]([O-])=O,Nitromethane,Nitromethane,nitromethane,18854,DTXSID2020977,C[N+]([O-])=O,InChI=1S/CH3NO2/c1-2(3)4/h1H3,LYGJENNIWJXYER-UHFFFAOYSA-N,2.53,100040,<rdkit.Chem.rdchem.Mol object at 0x2b78da3e47c0>,C[N+](=O)[O-]
100042,75-73-0,75-73-0,FC(F)(F)F,Tetrafluoromethane,Carbon tetrafluoride,tetrafluoromethane,18856,DTXSID2041757,FC(F)(F)F,"InChI=1S/CF4/c2-1(3,4)5",TXEYQDLBPFQVAA-UHFFFAOYSA-N,-0.95,100042,<rdkit.Chem.rdchem.Mol object at 0x2b78da3e4820>,FC(F)(F)F
100043,76-44-8,76-44-8,ClC1(Cl)C2(Cl)C3C=CC(Cl)C3C1(Cl)C(Cl)=C2Cl,Heptachlor,Heptachlor,"1,4,5,6,7,8,8-heptachloro-3a,4,7,7a-tetrahydro-1H-4,7-methanoindene",18857,DTXSID3020679,ClC1(Cl)C2(Cl)C3C=CC(Cl)C3C1(Cl)C(Cl)=C2Cl,"InChI=1S/C10H5Cl7/c11-4-2-1-3-5(4)9(15)7(13)6(12)8(3,14)10(9,16)17/h1-5H",FRCCEHPWNOQAEU-UHFFFAOYSA-N,7.64,100043,<rdkit.Chem.rdchem.Mol object at 0x2b78da3e4880>,ClC1=C(Cl)C2(Cl)C3C(Cl)C=CC3C1(Cl)C2(Cl)Cl
100044,78-79-5,78-79-5,CC(=C)C=C,"2-Methyl-1,3-butadiene",Isoprene,"2-methylbuta-1,3-diene",18858,DTXSID2020761,CC(=C)C=C,"InChI=1S/C5H8/c1-4-5(2)3/h4H,1-2H2,3H3",RRHGJUQNOFWUDK-UHFFFAOYSA-N,2.06,100044,<rdkit.Chem.rdchem.Mol object at 0x2b78da3e48e0>,C=CC(=C)C
100046,78-83-1,78-83-1,CC(C)CO,2-Methyl-1-propanol,2-Methyl-1-propanol,2-methylpropan-1-ol,18860,DTXSID0021759,CC(C)CO,"InChI=1S/C4H10O/c1-4(2)3-5/h4-5H,3H2,1-2H3",ZXEKIIBDNHEJCQ-UHFFFAOYSA-N,3.93,100046,<rdkit.Chem.rdchem.Mol object at 0x2b78da3e4940>,CC(C)CO
100047,78-87-5,78-87-5,CC(Cl)CCl,"1,2-Dichloropropane","1,2-Dichloropropane","1,2-dichloropropane",18861,DTXSID0020448,CC(Cl)CCl,"InChI=1S/C3H6Cl2/c1-3(5)2-4/h3H,2H2,1H3",KNKRKFALVUDBJE-UHFFFAOYSA-N,2.96,100047,<rdkit.Chem.rdchem.Mol object at 0x2b78da3e49a0>,CC(Cl)CCl
100048,78-92-2,78-92-2,CCC(C)O,2-Butanol,2-Butanol,butan-2-ol,18862,DTXSID9021762,CCC(C)O,"InChI=1S/C4H10O/c1-3-4(2)5/h4-5H,3H2,1-2H3",BTANRVKWQNVYAZ-UHFFFAOYSA-N,3.85,100048,<rdkit.Chem.rdchem.Mol object at 0x2b78da3e4a00>,CCC(C)O
100050,79-00-5,79-00-5,ClCC(Cl)Cl,"1,1,2-Trichloroethane","1,1,2-Trichloroethane","1,1,2-trichloroethane",18864,DTXSID5021380,ClCC(Cl)Cl,"InChI=1S/C2H3Cl3/c3-1-2(4)5/h2H,1H2",UBOXGVDOUJQMTN-UHFFFAOYSA-N,3.4,100050,<rdkit.Chem.rdchem.Mol object at 0x2b78da3e4a60>,ClCC(Cl)Cl
100051,79-01-6,79-01-6,ClC=C(Cl)Cl,Trichloroethene,Trichloroethylene,"1,1,2-trichloroethene",18865,DTXSID0021383,ClC=C(Cl)Cl,InChI=1S/C2HCl3/c3-1-2(4)5/h1H,XSTXAVWGXDQKEL-UHFFFAOYSA-N,2.99,100051,<rdkit.Chem.rdchem.Mol object at 0x2b78da3e4ac0>,ClC=C(Cl)Cl
100052,79-20-9,79-20-9,COC(C)=O,Methyl acetate,Methyl acetate,methyl acetate,18866,DTXSID4021767,COC(C)=O,InChI=1S/C3H6O2/c1-3(4)5-2/h1-2H3,KXKVLQRXCPHEJC-UHFFFAOYSA-N,2.31,100052,<rdkit.Chem.rdchem.Mol object at 0x2b78da3e4b20>,COC(C)=O
100054,83-32-9,83-32-9,C1Cc2cccc3cccc1c23,Acenaphthene,Acenaphthene,"1,2-dihydroacenaphthylene",18868,DTXSID3021774,C1Cc2cccc3cccc1c23,"InChI=1S/C12H10/c1-3-9-4-2-6-11-8-7-10(5-1)12(9)11/h1-6H,7-8H2",CWRYPZZKDGJXCA-UHFFFAOYSA-N,6.31,100054,<rdkit.Chem.rdchem.Mol object at 0x2b78da3e4b80>,c1cc2c3c(cccc3c1)CC2
100055,85-01-8,85-01-8,c1cc2ccccc2c2ccccc21,Phenanthrene,Phenanthrene,phenanthrenato,18869,DTXSID6024254,c1cc2ccccc2c2ccccc21,InChI=1S/C14H10/c1-3-7-13-11(5-1)9-10-12-6-2-4-8-14(12)13/h1-10H,YNPNZTXNASCQKK-UHFFFAOYSA-N,7.57,100055,<rdkit.Chem.rdchem.Mol object at 0x2b78da3e4be0>,c1ccc2c(c1)ccc1ccccc12
100056,86-73-7,86-73-7,C1c2ccccc2-c2ccccc21,Fluorene,Fluorene,9H-fluorene,18870,DTXSID8024105,C1c2ccccc2-c2ccccc21,"InChI=1S/C13H10/c1-3-7-12-10(5-1)9-11-6-2-4-8-13(11)12/h1-8H,9H2",NIHNNTQXNPWCJQ-UHFFFAOYSA-N,6.79,100056,<rdkit.Chem.rdchem.Mol object at 0x2b78da3e4c40>,c1ccc2c(c1)Cc1ccccc1-2
100058,87-85-4,87-85-4,Cc1c(C)c(C)c(C)c(C)c1C,Hexamethylbenzene,Hexamethylbenzene,"1,2,3,4,5,6-hexamethylbenzene",18872,DTXSID3058957,Cc1c(C)c(C)c(C)c(C)c1C,InChI=1S/C12H18/c1-7-8(2)10(4)12(6)11(5)9(7)3/h1-6H3,YUWFEBAXEOLKSG-UHFFFAOYSA-N,6.31,100058,<rdkit.Chem.rdchem.Mol object at 0x2b78da3e4ca0>,Cc1c(C)c(C)c(C)c(C)c1C
100059,90-13-1,90-13-1,Clc1cccc2ccccc21,1-Chloronaphthalene,1-Chloronaphthalene,1-chloronaphthalene,18873,DTXSID2024791,Clc1cccc2ccccc21,InChI=1S/C10H7Cl/c11-10-7-3-5-8-4-1-2-6-9(8)10/h1-7H,JTPNRXUCIXHOKM-UHFFFAOYSA-N,5.8,100059,<rdkit.Chem.rdchem.Mol object at 0x2b78da3e4d00>,Clc1cccc2ccccc12
100060,91-20-3,91-20-3,c1cccc2ccccc21,Naphthalene,Naphthalene,naphthalene,18874,DTXSID8020913,c1cccc2ccccc21,InChI=1S/C10H8/c1-2-6-10-8-4-3-7-9(10)5-1/h1-8H,UFWIBTONFRDIAS-UHFFFAOYSA-N,5.19,100060,<rdkit.Chem.rdchem.Mol object at 0x2b78da3e4d60>,c1ccc2ccccc2c1
100062,92-52-4,92-52-4,c1ccccc1-c1ccccc1,Biphenyl,Biphenyl,biphenyl,18876,DTXSID4020161,c1ccccc1-c1ccccc1,InChI=1S/C12H10/c1-3-7-11(8-4-1)12-9-5-2-6-10-12/h1-10H,ZUOUZKKEUPVFJK-UHFFFAOYSA-N,6.15,100062,<rdkit.Chem.rdchem.Mol object at 0x2b78da3e4dc0>,c1ccc(-c2ccccc2)cc1
100063,95-47-6,95-47-6,Cc1ccccc1C,o-Xylene,o-Xylene,C8H10,18877,DTXSID3021807,Cc1ccccc1C,"InChI=1S/C8H10/c1-7-5-3-4-6-8(7)2/h3-6H,1-2H3",CTQNGGLPUBDAKN-UHFFFAOYSA-N,3.91,100063,<rdkit.Chem.rdchem.Mol object at 0x2b78da3e4e20>,Cc1ccccc1C
100064,95-50-1,95-50-1,Clc1ccccc1Cl,"1,2-Dichlorobenzene","1,2-Dichlorobenzene","1,2-dichlorobenzene",18878,DTXSID6020430,Clc1ccccc1Cl,InChI=1S/C6H4Cl2/c7-5-3-1-2-4-6(5)8/h1-4H,RFFLAFLAYFXFSW-UHFFFAOYSA-N,4.36,100064,<rdkit.Chem.rdchem.Mol object at 0x2b78da3e4e80>,Clc1ccccc1Cl
100066,96-22-0,96-22-0,CCC(=O)CC,3-Pentanone,3-Pentanone,pentan-3-one,18880,DTXSID6021820,CCC(=O)CC,"InChI=1S/C5H10O/c1-3-5(6)4-2/h3-4H2,1-2H3",FDPIMTJIUBPUKL-UHFFFAOYSA-N,3.2,100066,<rdkit.Chem.rdchem.Mol object at 0x2b78da3e4ee0>,CCC(=O)CC
100067,98-82-8,98-82-8,CC(C)c1ccccc1,Isopropylbenzene,Cumene,propan-2-ylbenzene,18881,DTXSID1021827,CC(C)c1ccccc1,"InChI=1S/C9H12/c1-8(2)9-6-4-3-5-7-9/h3-8H,1-2H3",RWGFKTVRMDUZSP-UHFFFAOYSA-N,3.98,100067,<rdkit.Chem.rdchem.Mol object at 0x2b78da3e4f40>,CC(C)c1ccccc1
100068,99-76-3,99-76-3,COC(=O)c1ccc(O)cc1,Methyl 4-hydroxybenzoate,Methylparaben,methyl 4-hydroxybenzoate,18882,DTXSID4022529,COC(=O)c1ccc(O)cc1,"InChI=1S/C8H8O3/c1-11-8(10)6-2-4-7(9)5-3-6/h2-5,9H,1H3",LXCFILQKKLGQFO-UHFFFAOYSA-N,8.57,100068,<rdkit.Chem.rdchem.Mol object at 0x2b78da3e4fa0>,COC(=O)c1ccc(O)cc1
100070,100-41-4,100-41-4,CCc1ccccc1,Ethylbenzene,Ethylbenzene,C8H10,18884,DTXSID3020596,CCc1ccccc1,"InChI=1S/C8H10/c1-2-8-6-4-3-5-7-8/h3-7H,2H2,1H3",YNQLUTRBYVCPMQ-UHFFFAOYSA-N,3.74,100070,<rdkit.Chem.rdchem.Mol object at 0x2b78da3ec040>,CCc1ccccc1
100071,100-47-0,100-47-0,N#Cc1ccccc1,Benzonitrile,Benzonitrile,benzonitrile,18885,DTXSID7021491,N#Cc1ccccc1,InChI=1S/C7H5N/c8-6-7-4-2-1-3-5-7/h1-5H,JFDZBHWFFUWGJE-UHFFFAOYSA-N,4.46,100071,<rdkit.Chem.rdchem.Mol object at 0x2b78da3ec0a0>,N#Cc1ccccc1
100072,100-66-3,100-66-3,COc1ccccc1,Anisole,Anisole,methoxybenzene,18886,DTXSID4041608,COc1ccccc1,"InChI=1S/C7H8O/c1-8-7-5-3-2-4-6-7/h2-6H,1H3",RDOXTESZEPMUJZ-UHFFFAOYSA-N,4.01,100072,<rdkit.Chem.rdchem.Mol object at 0x2b78da3ec100>,COc1ccccc1
100074,103-65-1,103-65-1,CCCc1ccccc1,Propylbenzene,Propylbenzene,propylbenzene,18888,DTXSID3042219,CCCc1ccccc1,"InChI=1S/C9H12/c1-2-6-9-7-4-3-5-8-9/h3-5,7-8H,2,6H2,1H3",ODLMAHJVESYWTB-UHFFFAOYSA-N,4.09,100074,<rdkit.Chem.rdchem.Mol object at 0x2b78da3ec160>,CCCc1ccccc1
100075,105-37-3,105-37-3,CCC(=O)OCC,Ethyl propanoate,Ethyl propionate,ethyl propanoate,18889,DTXSID1040110,CCC(=O)OCC,"InChI=1S/C5H10O2/c1-3-5(6)7-4-2/h3-4H2,1-2H3",FKRCODPIKNYEAC-UHFFFAOYSA-N,3.15,100075,<rdkit.Chem.rdchem.Mol object at 0x2b78da3ec1c0>,CCOC(=O)CC
100076,105-54-4,105-54-4,CCOC(=O)CCC,Ethyl butanoate,Ethyl butyrate,ethyl butanoate,18890,DTXSID6040111,CCOC(=O)CCC,"InChI=1S/C6H12O2/c1-3-5-6(7)8-4-2/h3-5H2,1-2H3",OBNCKNCVKJNDBV-UHFFFAOYSA-N,3.56,100076,<rdkit.Chem.rdchem.Mol object at 0x2b78da3ec220>,CCCC(=O)OCC
100078,106-42-3,106-42-3,Cc1ccc(C)cc1,p-Xylene,p-Xylene,"1,4-dimethylbenzene",18892,DTXSID2021868,Cc1ccc(C)cc1,"InChI=1S/C8H10/c1-7-3-5-8(2)6-4-7/h3-6H,1-2H3",URLKBWYHVLBVBO-UHFFFAOYSA-N,3.79,100078,<rdkit.Chem.rdchem.Mol object at 0x2b78da3ec280>,Cc1ccc(C)cc1
100079,106-46-7,106-46-7,Clc1ccc(Cl)cc1,"1,4-Dichlorobenzene","1,4-Dichlorobenzene","1,4-dichlorobenzene",18893,DTXSID1020431,Clc1ccc(Cl)cc1,InChI=1S/C6H4Cl2/c7-5-1-2-6(8)4-3-5/h1-4H,OCJBOOLMMGQPQU-UHFFFAOYSA-N,4.46,100079,<rdkit.Chem.rdchem.Mol object at 0x2b78da3ec2e0>,Clc1ccc(Cl)cc1
100080,106-97-8,106-97-8,CCCC,Butane,Butane,C4H10,18894,DTXSID7024665,CCCC,"InChI=1S/C4H10/c1-3-4-2/h3-4H2,1-2H3",IJDNQMDRQITEOD-UHFFFAOYSA-N,1.53,100080,<rdkit.Chem.rdchem.Mol object at 0x2b78da3ec340>,CCCC
100082,107-07-3,107-07-3,OCCCl,2-Chloroethanol,2-Chloroethanol,2-chloroethanol,18896,DTXSID1021877,OCCCl,"InChI=1S/C2H5ClO/c3-1-2-4/h4H,1-2H2",SZIFAVKTNFCBPC-UHFFFAOYSA-N,4.3,100082,<rdkit.Chem.rdchem.Mol object at 0x2b78da3ec3a0>,OCCCl
100083,107-12-0,107-12-0,CCC#N,Propionitrile,Propionitrile,propanenitrile,18897,DTXSID1021879,CCC#N,"InChI=1S/C3H5N/c1-2-3-4/h2H2,1H3",FVSKHRXBFJPNKK-UHFFFAOYSA-N,2.69,100083,<rdkit.Chem.rdchem.Mol object at 0x2b78da3ec400>,CCC#N
100084,107-31-3,107-31-3,COC=O,Methyl formate,Methyl formate,methyl formate,18898,DTXSID5025609,COC=O,"InChI=1S/C2H4O2/c1-4-2-3/h2H,1H3",TZIHFWKZFHZASV-UHFFFAOYSA-N,1.75,100084,<rdkit.Chem.rdchem.Mol object at 0x2b78da3ec460>,COC=O
100086,108-03-2,108-03-2,CCC[N+]([O-])=O,1-Nitropropane,1-Nitropropane,1-nitropropane,18900,DTXSID1020980,CCC[N+]([O-])=O,"InChI=1S/C3H7NO2/c1-2-3-4(5)6/h2-3H2,1H3",JSZOAYXJRCEYSX-UHFFFAOYSA-N,3.25,100086,<rdkit.Chem.rdchem.Mol object at 0x2b78da3ec4c0>,CCC[N+](=O)[O-]
100087,108-20-3,108-20-3,CC(C)OC(C)C,Di-isopropyl ether,Isopropyl ether,dipropan-2-yl ether,18901,DTXSID4021890,CC(C)OC(C)C,"InChI=1S/C6H14O/c1-5(2)7-6(3)4/h5-6H,1-4H3",ZAFNJMIOTHYJRJ-UHFFFAOYSA-N,2.66,100087,<rdkit.Chem.rdchem.Mol object at 0x2b78da3ec520>,CC(C)OC(C)C
100088,108-21-4,108-21-4,CC(C)OC(C)=O,Isopropyl acetate,Isopropyl acetate,propan-2-yl acetate,18902,DTXSID2025478,CC(C)OC(C)=O,"InChI=1S/C5H10O2/c1-4(2)7-5(3)6/h4H,1-3H3",JMMWKPVZQRWMSS-UHFFFAOYSA-N,2.93,100088,<rdkit.Chem.rdchem.Mol object at 0x2b78da3ec580>,CC(=O)OC(C)C
100090,108-70-3,108-70-3,Clc1cc(Cl)cc(Cl)c1,"1,3,5-Trichlorobenzene","1,3,5-Trichlorobenzene",C6H3Cl3,18904,DTXSID8026195,Clc1cc(Cl)cc(Cl)c1,InChI=1S/C6H3Cl3/c7-4-1-5(8)3-6(9)2-4/h1-3H,XKEFYDZQGKAQCN-UHFFFAOYSA-N,4.85,100090,<rdkit.Chem.rdchem.Mol object at 0x2b78da3ec5e0>,Clc1cc(Cl)cc(Cl)c1
100091,108-87-2,108-87-2,CC1CCCCC1,Methylcyclohexane,Methylcyclohexane,methylcyclohexane,18905,DTXSID0047749,CC1CCCCC1,"InChI=1S/C7H14/c1-7-5-3-2-4-6-7/h7H,2-6H2,1H3",UAEPNZWRGJTJPN-UHFFFAOYSA-N,3.03,100091,<rdkit.Chem.rdchem.Mol object at 0x2b78da3ec640>,CC1CCCCC1
100092,108-88-3,108-88-3,Cc1ccccc1,Toluene,Toluene,methylbenzene,18906,DTXSID7021360,Cc1ccccc1,"InChI=1S/C7H8/c1-7-5-3-2-4-6-7/h2-6H,1H3",YXFVVABEGXRONW-UHFFFAOYSA-N,3.31,100092,<rdkit.Chem.rdchem.Mol object at 0x2b78da3ec6a0>,Cc1ccccc1
100094,108-93-0,108-93-0,OC1CCCCC1,Cyclohexanol,Cyclohexanol,cyclohexanol,18908,DTXSID4021894,OC1CCCCC1,"InChI=1S/C6H12O/c7-6-4-2-1-3-5-6/h6-7H,1-5H2",HPXRVTGHNJAIIH-UHFFFAOYSA-N,5.18,100094,<rdkit.Chem.rdchem.Mol object at 0x2b78da3ec700>,OC1CCCCC1
100095,109-60-4,109-60-4,CCCOC(C)=O,Propyl acetate,Propyl acetate,propyl acetate,18909,DTXSID6021901,CCCOC(C)=O,"InChI=1S/C5H10O2/c1-3-4-7-5(2)6/h3-4H2,1-2H3",YKYONYBAUNKHLG-UHFFFAOYSA-N,3.17,100095,<rdkit.Chem.rdchem.Mol object at 0x2b78da3ec760>,CCCOC(C)=O
100096,109-66-0,109-66-0,CCCCC,Pentane,Pentane,C5H12,18910,DTXSID2025846,CCCCC,"InChI=1S/C5H12/c1-3-5-4-2/h3-5H2,1-2H3",OFBQJSOFQDEBGM-UHFFFAOYSA-N,1.96,100096,<rdkit.Chem.rdchem.Mol object at 0x2b78da3ec7c0>,CCCCC
100098,109-69-3,109-69-3,CCCCCl,1-Chlorobutane,1-Chlorobutane,1-chlorobutane,18912,DTXSID8020206,CCCCCl,"InChI=1S/C4H9Cl/c1-2-3-4-5/h2-4H2,1H3",VFWCMGCRMGJXDK-UHFFFAOYSA-N,2.72,100098,<rdkit.Chem.rdchem.Mol object at 0x2b78da3ec820>,CCCCCl
100099,109-73-9,109-73-9,CCCCN,n-Butylamine,Butylamine,butan-1-amine,18913,DTXSID1021904,CCCCN,"InChI=1S/C4H11N/c1-2-3-4-5/h2-5H2,1H3",HQABUPZFAYXKJW-UHFFFAOYSA-N,3.61,100099,<rdkit.Chem.rdchem.Mol object at 0x2b78da3ec880>,CCCCN
100100,109-74-0,109-74-0,CCCC#N,Butyronitrile,Butanenitrile,butanenitrile,18914,DTXSID1026823,CCCC#N,"InChI=1S/C4H7N/c1-2-3-4-5/h2-3H2,1H3",KVNRLNFWIYMESJ-UHFFFAOYSA-N,3.12,100100,<rdkit.Chem.rdchem.Mol object at 0x2b78da3ec8e0>,CCCC#N
100102,109-99-9,109-99-9,C1CCCO1,Tetrahydrofuran,Tetrahydrofuran,tetrahydrofuran,18916,DTXSID1021328,C1CCCO1,InChI=1S/C4H8O/c1-2-4-5-3-1/h1-4H2,WYURNTSHIVDZCO-UHFFFAOYSA-N,2.86,100102,<rdkit.Chem.rdchem.Mol object at 0x2b78da3ec940>,C1CCOC1
100103,110-19-0,110-19-0,CC(C)COC(C)=O,Isobutyl acetate,Isobutyl acetate,2-methylpropyl acetate,18917,DTXSID5026837,CC(C)COC(C)=O,"InChI=1S/C6H12O2/c1-5(2)4-8-6(3)7/h5H,4H2,1-3H3",GJRQTCIYDGXPES-UHFFFAOYSA-N,3.45,100103,<rdkit.Chem.rdchem.Mol object at 0x2b78da3ec9a0>,CC(=O)OCC(C)C
100104,110-43-0,110-43-0,CCCCCC(C)=O,2-Heptanone,2-Heptanone,heptan-2-one,18918,DTXSID5021916,CCCCCC(C)=O,"InChI=1S/C7H14O/c1-3-4-5-6-7(2)8/h3-6H2,1-2H3",CATSNJVOTSVZJV-UHFFFAOYSA-N,4.15,100104,<rdkit.Chem.rdchem.Mol object at 0x2b78da3eca00>,CCCCCC(C)=O
100106,110-59-8,110-59-8,CCCCC#N,Pentanonitrile,Valeronitrile,pentanenitrile,18920,DTXSID3026275,CCCCC#N,"InChI=1S/C5H9N/c1-2-3-4-5-6/h2-4H2,1H3",RFFFKMOABOFIDF-UHFFFAOYSA-N,3.6,100106,<rdkit.Chem.rdchem.Mol object at 0x2b78da3eca60>,CCCCC#N
100107,110-74-7,110-74-7,CCCOC=O,Propyl formate,"Formic acid, propyl ester",PROPYL FORMATE,18921,DTXSID3059391,CCCOC=O,"InChI=1S/C4H8O2/c1-2-3-6-4-5/h4H,2-3H2,1H3",KFNNIILCVOLYIR-UHFFFAOYSA-N,2.66,100107,<rdkit.Chem.rdchem.Mol object at 0x2b78da3ecac0>,CCCOC=O
100108,110-82-7,110-82-7,C1CCCCC1,Cyclohexane,Cyclohexane,cyclohexane,18922,DTXSID4021923,C1CCCCC1,InChI=1S/C6H12/c1-2-4-6-5-3-1/h1-6H2,XDTMQSROBMDMFD-UHFFFAOYSA-N,2.74,100108,<rdkit.Chem.rdchem.Mol object at 0x2b78da3ecb20>,C1CCCCC1
100110,110-89-4,110-89-4,C1CCCCN1,Piperidine,Piperidine,piperidine,18924,DTXSID6021165,C1CCCCN1,"InChI=1S/C5H11N/c1-2-4-6-5-3-1/h6H,1-5H2",NQRYJNQNLNOLGT-UHFFFAOYSA-N,4.04,100110,<rdkit.Chem.rdchem.Mol object at 0x2b78da3ecb80>,C1CCNCC1
100111,111-27-3,111-27-3,CCCCCCO,1-Hexanol,1-Hexanol,hexan-1-ol,18925,DTXSID8021931,CCCCCCO,"InChI=1S/C6H14O/c1-2-3-4-5-6-7/h7H,2-6H2,1H3",ZSIAUFGUXNUGDI-UHFFFAOYSA-N,5.18,100111,<rdkit.Chem.rdchem.Mol object at 0x2b78da3ecbe0>,CCCCCCO
100112,111-43-3,111-43-3,CCCOCCC,Dipropyl ether,Propyl ether,dipropyl ether,18926,DTXSID8042343,CCCOCCC,"InChI=1S/C6H14O/c1-3-5-7-6-4-2/h3-6H2,1-2H3",POLCUAVZOMRGSN-UHFFFAOYSA-N,2.97,100112,<rdkit.Chem.rdchem.Mol object at 0x2b78da3ecc40>,CCCOCCC
100114,111-66-0,111-66-0,CCCCCCC=C,1-Octene,1-Octene,oct-1-ene,18928,DTXSID6025804,CCCCCCC=C,"InChI=1S/C8H16/c1-3-5-7-8-6-4-2/h3H,1,4-8H2,2H3",KWKAKUADMBZCLK-UHFFFAOYSA-N,3.35,100114,<rdkit.Chem.rdchem.Mol object at 0x2b78da3ecca0>,C=CCCCCCC
100115,111-87-5,111-87-5,CCCCCCCCO,1-Octanol,1-Octanol,octan-1-ol,18929,DTXSID7021940,CCCCCCCCO,"InChI=1S/C8H18O/c1-2-3-4-5-6-7-8-9/h9H,2-8H2,1H3",KBPLFHHGFOOTCA-UHFFFAOYSA-N,6.03,100115,<rdkit.Chem.rdchem.Mol object at 0x2b78da3ecd00>,CCCCCCCCO
100116,112-92-5,112-92-5,CCCCCCCCCCCCCCCCCCO,1-Octadecanol,1-Octadecanol,octadecan-1-ol,18930,DTXSID8026935,CCCCCCCCCCCCCCCCCCO,"InChI=1S/C18H38O/c1-2-3-4-5-6-7-8-9-10-11-12-13-14-15-16-17-18-19/h19H,2-18H2,1H3",GLDOVTGHNKAZLK-UHFFFAOYSA-N,10.93,100116,<rdkit.Chem.rdchem.Mol object at 0x2b78da3ecd60>,CCCCCCCCCCCCCCCCCCO
100118,118-74-1,118-74-1,Clc1c(Cl)c(Cl)c(Cl)c(Cl)c1Cl,Hexachlorobenzene,Hexachlorobenzene,hexachlorobenzene,18932,DTXSID2020682,Clc1c(Cl)c(Cl)c(Cl)c(Cl)c1Cl,InChI=1S/C6Cl6/c7-1-2(8)4(10)6(12)5(11)3(1)9,CKAPSXZOOQJIBF-UHFFFAOYSA-N,7.38,100118,<rdkit.Chem.rdchem.Mol object at 0x2b78da3ecdc0>,Clc1c(Cl)c(Cl)c(Cl)c(Cl)c1Cl
100119,120-12-7,120-12-7,c1c2ccccc2cc2ccccc21,Anthracene,Anthracene,anthracene,18933,DTXSID0023878,c1c2ccccc2cc2ccccc21,InChI=1S/C14H10/c1-2-6-12-10-14-8-4-3-7-13(14)9-11(12)5-1/h1-10H,MWPLVEDNUUSJAV-UHFFFAOYSA-N,7.55,100119,<rdkit.Chem.rdchem.Mol object at 0x2b78da3ece20>,c1ccc2cc3ccccc3cc2c1
100120,120-82-1,120-82-1,Clc1cc(Cl)c(Cl)cc1,"1,2,4-Trichlorbenzene","1,2,4-Trichlorobenzene",C6H3Cl3,18934,DTXSID0021965,Clc1cc(Cl)c(Cl)cc1,InChI=1S/C6H3Cl3/c7-4-1-2-5(8)6(9)3-4/h1-3H,PBKONEOXTCPAFI-UHFFFAOYSA-N,4.95,100120,<rdkit.Chem.rdchem.Mol object at 0x2b78da3ece80>,Clc1ccc(Cl)c(Cl)c1
100122,120-94-5,120-94-5,CN1CCCC1,N-Methylpyrrolidine,N-Methylpyrrolidine,1-methylpyrrolidine,18936,DTXSID8042210,CN1CCCC1,"InChI=1S/C5H11N/c1-6-4-2-3-5-6/h2-5H2,1H3",AVFZOVWCLRSYKC-UHFFFAOYSA-N,3.64,100122,<rdkit.Chem.rdchem.Mol object at 0x2b78da3ecee0>,CN1CCCC1
100123,122-39-4,122-39-4,c1ccccc1Nc1ccccc1,Diphenylamine,Diphenylamine,N-phenylaniline,18937,DTXSID4021975,c1ccccc1Nc1ccccc1,"InChI=1S/C12H11N/c1-3-7-11(8-4-1)13-12-9-5-2-6-10-12/h1-10,13H",DMBHHRLKUKUOEG-UHFFFAOYSA-N,7.64,100123,<rdkit.Chem.rdchem.Mol object at 0x2b78da3ecf40>,c1ccc(Nc2ccccc2)cc1
100124,123-38-6,123-38-6,CCC=O,Propanal,Propanal,propanal,18938,DTXSID2021658,CCC=O,"InChI=1S/C3H6O/c1-2-3-4/h3H,2H2,1H3",NBBJYMSMWIIQGU-UHFFFAOYSA-N,3.02,100124,<rdkit.Chem.rdchem.Mol object at 0x2b78da3ecfa0>,CCC=O
100126,123-72-8,123-72-8,CCCC=O,Butanal,Butyraldehyde,butanal,18940,DTXSID8021513,CCCC=O,"InChI=1S/C4H8O/c1-2-3-4-5/h4H,2-3H2,1H3",ZTQSAGDEMFDKMZ-UHFFFAOYSA-N,3.39,100126,<rdkit.Chem.rdchem.Mol object at 0x2b78da3d7040>,CCCC=O
100127,123-75-1,123-75-1,C1CCCN1,Pyrrolidine,Pyrrolidine,PYRROLIDINE,18941,DTXSID3059559,C1CCCN1,"InChI=1S/C4H9N/c1-2-4-5-3-1/h5H,1-4H2",RWRDLPDLKQPQOW-UHFFFAOYSA-N,4.07,100127,<rdkit.Chem.rdchem.Mol object at 0x2b78da3d70a0>,C1CCNC1
100128,123-86-4,123-86-4,CCCCOC(C)=O,Butyl acetate,Butyl acetate,butyl acetate,18942,DTXSID3021982,CCCCOC(C)=O,"InChI=1S/C6H12O2/c1-3-4-5-8-6(2)7/h3-5H2,1-2H3",DKPFZGUDAPQIHT-UHFFFAOYSA-N,3.65,100128,<rdkit.Chem.rdchem.Mol object at 0x2b78da3d7100>,CCCCOC(C)=O
100130,123-92-2,123-92-2,CC(C)CCOC(C)=O,Isopentyl acetate,3-Methylbutyl acetate,3-methylbutyl acetate,18944,DTXSID9025453,CC(C)CCOC(C)=O,"InChI=1S/C7H14O2/c1-6(2)4-5-9-7(3)8/h6H,4-5H2,1-3H3",MLFHJEHSLIIPHL-UHFFFAOYSA-N,3.94,100130,<rdkit.Chem.rdchem.Mol object at 0x2b78da3d7160>,CC(=O)OCCC(C)C
100131,124-11-8,124-11-8,CCCCCCCC=C,Nonene,1-Nonene,non-1-ene,18945,DTXSID2059562,CCCCCCCC=C,"InChI=1S/C9H18/c1-3-5-7-9-8-6-4-2/h3H,1,4-9H2,2H3",JRZJOMJEPLMPRA-UHFFFAOYSA-N,3.83,100131,<rdkit.Chem.rdchem.Mol object at 0x2b78da3d71c0>,C=CCCCCCCC
100132,124-13-0,124-13-0,CCCCCCCC=O,Octanal,Octanal,octanal,18946,DTXSID3021643,CCCCCCCC=O,"InChI=1S/C8H16O/c1-2-3-4-5-6-7-8-9/h8H,2-7H2,1H3",NUJGJRNETVAIRJ-UHFFFAOYSA-N,5.36,100132,<rdkit.Chem.rdchem.Mol object at 0x2b78da3d7220>,CCCCCCCC=O
100134,124-48-1,124-48-1,ClC(Br)Br,Dibromochloromethane,Chlorodibromomethane,dibromo(chloro)methane,18948,DTXSID1020300,ClC(Br)Br,InChI=1S/CHBr2Cl/c2-1(3)4/h1H,GATVIKZLVQHOMN-UHFFFAOYSA-N,3.59,100134,<rdkit.Chem.rdchem.Mol object at 0x2b78da3d7280>,ClC(Br)Br
100135,127-18-4,127-18-4,ClC(Cl)=C(Cl)Cl,Tetrachloroethene,Tetrachloroethylene,tetrachloroethene,18949,DTXSID2021319,ClC(Cl)=C(Cl)Cl,InChI=1S/C2Cl4/c3-1(4)2(5)6,CYTYCFOTNPOANT-UHFFFAOYSA-N,3.48,100135,<rdkit.Chem.rdchem.Mol object at 0x2b78da3d72e0>,ClC(Cl)=C(Cl)Cl
100137,129-00-0,129-00-0,c1cc2cccc3ccc4cccc1c4c32,Pyrene,Pyrene,pyrene,18951,DTXSID3024289,c1cc2cccc3ccc4cccc1c4c32,InChI=1S/C16H10/c1-3-11-7-9-13-5-2-6-14-10-8-12(4-1)15(11)16(13)14/h1-10H,BBEAQIROQSPTKN-UHFFFAOYSA-N,8.8,100137,<rdkit.Chem.rdchem.Mol object at 0x2b78da3d7340>,c1cc2ccc3cccc4ccc(c1)c2c34
100138,141-78-6,141-78-6,CCOC(C)=O,Ethyl acetate,Ethyl acetate,ethyl acetate,18952,DTXSID1022001,CCOC(C)=O,"InChI=1S/C4H8O2/c1-3-6-4(2)5/h3H2,1-2H3",XEKOWRVHYACXOJ-UHFFFAOYSA-N,2.7,100138,<rdkit.Chem.rdchem.Mol object at 0x2b78da3d73a0>,CCOC(C)=O
100139,142-68-7,142-68-7,C1CCCCO1,Tetrahydropyran,Tetrahydropyran,Oxane,18953,DTXSID3059719,C1CCCCO1,InChI=1S/C5H10O/c1-2-4-6-5-3-1/h1-5H2,DHXVGJBLRPWPCS-UHFFFAOYSA-N,3.22,100139,<rdkit.Chem.rdchem.Mol object at 0x2b78da3d7400>,C1CCOCC1
100141,142-84-7,142-84-7,CCCNCCC,Dipropylamine,Dipropylamine,N-propylpropan-1-amine,18955,DTXSID2025185,CCCNCCC,"InChI=1S/C6H15N/c1-3-5-7-6-4-2/h7H,3-6H2,1-2H3",WEHWNAOGRSTTBQ-UHFFFAOYSA-N,3.59,100141,<rdkit.Chem.rdchem.Mol object at 0x2b78da3d7460>,CCCNCCC
100142,142-92-7,142-92-7,CCCCCCOC(C)=O,Hexyl acetate,Hexyl acetate,hexyl acetate,18956,DTXSID6022006,CCCCCCOC(C)=O,"InChI=1S/C8H16O2/c1-3-4-5-6-7-10-8(2)9/h3-7H2,1-2H3",AOGQPLXWSUTHQB-UHFFFAOYSA-N,4.58,100142,<rdkit.Chem.rdchem.Mol object at 0x2b78da3d74c0>,CCCCCCOC(C)=O
100143,142-96-1,142-96-1,CCCCOCCCC,Dibutyl ether,Butyl ether,1-butoxybutane,18957,DTXSID1022007,CCCCOCCCC,"InChI=1S/C8H18O/c1-3-5-7-9-8-6-4-2/h3-8H2,1-2H3",DURPTKYDGMDSBL-UHFFFAOYSA-N,3.89,100143,<rdkit.Chem.rdchem.Mol object at 0x2b78da3d7520>,CCCCOCCCC
100145,206-44-0,206-44-0,c1ccc2c3c(cccc31)-c1ccccc1-2,Fluoranthene,Fluoranthene,fluoranthene,18959,DTXSID3024104,c1ccc2c3c(cccc31)-c1ccccc1-2,InChI=1S/C16H10/c1-2-8-13-12(7-1)14-9-3-5-11-6-4-10-15(13)16(11)14/h1-10H,GVEPBJHOBDJJJI-UHFFFAOYSA-N,8.88,100145,<rdkit.Chem.rdchem.Mol object at 0x2b78da3d7580>,c1ccc2c(c1)-c1cccc3cccc-2c13
100146,309-00-2,309-00-2,"ClC1(Cl)[C@@]2(Cl)[C@@H]3[C@@H]4C[C@@H](C=C4)[C@@H]3[C@]1(Cl)C(Cl)=C2Cl |&1:3,5,6,8,11,12|",Aldrin,Aldrin,C12H8Cl6,18960,DTXSID8020040,ClC1(Cl)C2(Cl)C3C4CC(C=C4)C3C1(Cl)C(Cl)=C2Cl,"InChI=1S/C12H8Cl6/c13-8-9(14)11(16)7-5-2-1-4(3-5)6(7)10(8,15)12(11,17)18/h1-2,4-7H,3H2",QBYJBZPUGVGKQQ-UHFFFAOYSA-N,8.08,100146,<rdkit.Chem.rdchem.Mol object at 0x2b78da3d75e0>,ClC1=C(Cl)[C@]2(Cl)[C@H]3[C@H]([C@@H]4C=C[C@H]3C4)[C@@]1(Cl)C2(Cl)Cl
100150,540-54-5,540-54-5,CCCCl,1-Chloropropane,1-Chloropropane,1-chloropropane,18964,DTXSID3051462,CCCCl,"InChI=1S/C3H7Cl/c1-2-3-4/h2-3H2,1H3",SNMVRZFUUCLYTO-UHFFFAOYSA-N,2.24,100150,<rdkit.Chem.rdchem.Mol object at 0x2b78da3d7640>,CCCCl
100152,563-80-4,563-80-4,CC(C)C(C)=O,3-Methyl-2-butanone,3-Methyl-2-butanone,3-methylbutan-2-one,18966,DTXSID0022062,CC(C)C(C)=O,"InChI=1S/C5H10O/c1-4(2)5(3)6/h4H,1-3H3",SYBYTAAJFKOIEJ-UHFFFAOYSA-N,3.04,100152,<rdkit.Chem.rdchem.Mol object at 0x2b78da3d76a0>,CC(=O)C(C)C
100153,591-78-6,591-78-6,CCCCC(C)=O,2-Hexanone,2-Hexanone,hexan-2-one,18967,DTXSID0022068,CCCCC(C)=O,"InChI=1S/C6H12O/c1-3-4-5-6(2)7/h3-5H2,1-2H3",QQZOPKMRPOGIEB-UHFFFAOYSA-N,3.68,100153,<rdkit.Chem.rdchem.Mol object at 0x2b78da3d7700>,CCCCC(C)=O
100154,592-41-6,592-41-6,CCCCC=C,1-Hexene,1-Hexene,hex-1-ene,18968,DTXSID4025402,CCCCC=C,"InChI=1S/C6H12/c1-3-5-6-4-2/h3H,1,4-6H2,2H3",LIKMAJRDDDTEIG-UHFFFAOYSA-N,2.41,100154,<rdkit.Chem.rdchem.Mol object at 0x2b78da3d7760>,C=CCCCC
100157,628-55-7,628-55-7,CC(C)COCC(C)C,Di-isobutyl ether,"Propane, 1,1'-oxybis[2-methyl-",2-methyl-1-(2-methylpropoxy)propane,18970,DTXSID0060856,CC(C)COCC(C)C,"InChI=1S/C8H18O/c1-7(2)5-9-6-8(3)4/h7-8H,5-6H2,1-4H3",SZNYYWIUQFZLLT-UHFFFAOYSA-N,3.4,100157,<rdkit.Chem.rdchem.Mol object at 0x2b78da3d77c0>,CC(C)COCC(C)C
100158,628-63-7,628-63-7,CCCCCOC(C)=O,Pentyl acetate,Pentyl acetate,pentyl acetate,18971,DTXSID1027263,CCCCCOC(C)=O,"InChI=1S/C7H14O2/c1-3-4-5-6-9-7(2)8/h3-6H2,1-2H3",PGMYKACGEOXYJE-UHFFFAOYSA-N,4.12,100158,<rdkit.Chem.rdchem.Mol object at 0x2b78da3d7820>,CCCCCOC(C)=O
100159,628-73-9,628-73-9,CCCCCC#N,Hexanonitrile,Hexanenitrile,Hexanenitrile,18972,DTXSID0060858,CCCCCC#N,"InChI=1S/C6H11N/c1-2-3-4-5-6-7/h2-5H2,1H3",AILKHAQXUAOOFU-UHFFFAOYSA-N,4.08,100159,<rdkit.Chem.rdchem.Mol object at 0x2b78da3d7880>,CCCCCC#N
100161,634-66-2,634-66-2,Clc1ccc(Cl)c(Cl)c1Cl,"1,2,3,4-Tetrachlorobenzene","1,2,3,4-Tetrachlorobenzene","1,2,3,4-tetrachlorobenzene",18974,DTXSID6026088,Clc1ccc(Cl)c(Cl)c1Cl,InChI=1S/C6H2Cl4/c7-3-1-2-4(8)6(10)5(3)9/h1-2H,GBDZXPJXOMHESU-UHFFFAOYSA-N,5.64,100161,<rdkit.Chem.rdchem.Mol object at 0x2b78da3d78e0>,Clc1ccc(Cl)c(Cl)c1Cl
100162,634-90-2,634-90-2,Clc1cc(Cl)c(Cl)c(Cl)c1,"1,2,3,5-Tetrachlorobenzene","1,2,3,5-Tetrachlorobenzene","1,2,3,5-tetrachlorobenzene",18975,DTXSID1026089,Clc1cc(Cl)c(Cl)c(Cl)c1,InChI=1S/C6H2Cl4/c7-3-1-4(8)6(10)5(9)2-3/h1-2H,QZYNWJQFTJXIRN-UHFFFAOYSA-N,5.55,100162,<rdkit.Chem.rdchem.Mol object at 0x2b78da3d7940>,Clc1cc(Cl)c(Cl)c(Cl)c1
100163,693-65-2,693-65-2,CCCCCOCCCCC,Dipentyl ether,Pentyl ether,dipentyl ether,18976,DTXSID4022105,CCCCCOCCCCC,"InChI=1S/C10H22O/c1-3-5-7-9-11-10-8-6-4-2/h3-10H2,1-2H3",AOPDRZXCEAKHHW-UHFFFAOYSA-N,4.8,100163,<rdkit.Chem.rdchem.Mol object at 0x2b78da3d79a0>,CCCCCOCCCCC
100165,959-98-8,959-98-8,O=S1OC[C@@H]2[C@H](CO1)[C@]1(Cl)C(Cl)=C(Cl)[C@@]2(Cl)C1(Cl)Cl,Endosulfan 1,Endosulfan I,"(5aR,9R,9aS)-6,7,8,9,10,10-hexachloro-1,5,5a,6,9,9a-hexahydro-6,9-methano-2,4,3-benzodioxathiepine 3-oxide",18978,DTXSID9037539,O=S1OCC2C(CO1)C1(Cl)C(Cl)=C(Cl)C2(Cl)C1(Cl)Cl,"InChI=1S/C9H6Cl6O3S/c10-5-6(11)8(13)4-2-18-19(16)17-1-3(4)7(5,12)9(8,14)15/h3-4H,1-2H2",RDYMFSUJUZBWLH-UHFFFAOYSA-N,8.64,100165,<rdkit.Chem.rdchem.Mol object at 0x2b78da3d7a00>,O=S1OC[C@@H]2[C@H](CO1)[C@]1(Cl)C(Cl)=C(Cl)[C@@]2(Cl)C1(Cl)Cl
100166,1634-04-4,1634-04-4,COC(C)(C)C,Methyl t-butyl ether,Methyl tert-butyl ether,tert-butyl methyl ether,18979,DTXSID3020833,COC(C)(C)C,"InChI=1S/C5H12O/c1-5(2,3)6-4/h1-4H3",BZLVMXJERCGZMT-UHFFFAOYSA-N,2.58,100166,<rdkit.Chem.rdchem.Mol object at 0x2b78da3d7a60>,COC(C)(C)C
100167,1746-01-6,1746-01-6,Clc3cc2Oc1cc(Cl)c(Cl)cc1Oc2cc3Cl,"2,3,7,8-TeCDD","2,3,7,8-Tetrachlorodibenzo-p-dioxin","2,3,7,8-tetrachlorooxanthrene",18980,DTXSID2021315,Clc1cc2Oc3cc(Cl)c(Cl)cc3Oc2cc1Cl,InChI=1S/C12H4Cl4O2/c13-5-1-9-10(2-6(5)14)18-12-4-8(16)7(15)3-11(12)17-9/h1-4H,HGUFODBRKLSHSI-UHFFFAOYSA-N,10.05,100167,<rdkit.Chem.rdchem.Mol object at 0x2b78da3d7ac0>,Clc1cc2c(cc1Cl)Oc1cc(Cl)c(Cl)cc1O2
100169,1825-31-6,1825-31-6,Clc1ccc(Cl)c2ccccc12,"1,4-Dichloronaphthalene","Naphthalene, 1,4-dichloro-","1,4-DICHLORONAPHTHALENE",18982,DTXSID6061999,Clc1ccc(Cl)c2ccccc12,InChI=1S/C10H6Cl2/c11-9-5-6-10(12)8-4-2-1-3-7(8)9/h1-6H,JDPKCYMVSKDOGS-UHFFFAOYSA-N,6.78,100169,<rdkit.Chem.rdchem.Mol object at 0x2b78da3d7b20>,Clc1ccc(Cl)c2ccccc12
100170,2050-47-7,2050-47-7,Brc1ccc(cc1)Oc1ccc(Br)cc1,"4,4'-Dibromodiphenyl ether","4,4'-Dibromodiphenyl ether",bis(4-bromophenyl) ether,18983,DTXSID9024015,Brc1ccc(cc1)Oc1ccc(Br)cc1,InChI=1S/C12H8Br2O/c13-9-1-5-11(6-2-9)15-12-7-3-10(14)4-8-12/h1-8H,YAWIAFUBXXPJMQ-UHFFFAOYSA-N,8.64,100170,<rdkit.Chem.rdchem.Mol object at 0x2b78da3d7b80>,Brc1ccc(Oc2ccc(Br)cc2)cc1
100171,2050-68-2,2050-68-2,Clc1ccc(cc1)-c1ccc(Cl)cc1,"4,4'-Dichlorobiphenyl","4,4'-Dichlorobiphenyl","4,4'-dichlorobiphenyl",18984,DTXSID0022515,Clc1ccc(cc1)-c1ccc(Cl)cc1,InChI=1S/C12H8Cl2/c13-11-5-1-9(2-6-11)10-3-7-12(14)8-4-10/h1-8H,YTBRNEUEFCNVHC-UHFFFAOYSA-N,7.68,100171,<rdkit.Chem.rdchem.Mol object at 0x2b78da3d7be0>,Clc1ccc(-c2ccc(Cl)cc2)cc1
100173,2051-61-8,2051-61-8,Clc1cc(ccc1)-c1ccccc1,3-Chlorobiphenyl,3-Chlorobiphenyl,3-chlorobiphenyl,18986,DTXSID1040299,Clc1cc(ccc1)-c1ccccc1,InChI=1S/C12H9Cl/c13-12-8-4-7-11(9-12)10-5-2-1-3-6-10/h1-9H,NMWSKOLWZZWHPL-UHFFFAOYSA-N,6.82,100173,<rdkit.Chem.rdchem.Mol object at 0x2b78da3d7c40>,Clc1cccc(-c2ccccc2)c1
100174,2051-62-9,2051-62-9,Clc1ccc(cc1)-c1ccccc1,4-Chlorobiphenyl,4-Chlorobiphenyl,4-chlorobiphenyl,18987,DTXSID3040300,Clc1ccc(cc1)-c1ccccc1,InChI=1S/C12H9Cl/c13-12-8-6-11(7-9-12)10-4-2-1-3-5-10/h1-9H,FPWNLURCHDRMHC-UHFFFAOYSA-N,6.8,100174,<rdkit.Chem.rdchem.Mol object at 0x2b78da3d7ca0>,Clc1ccc(-c2ccccc2)cc1
100175,2198-77-8,2198-77-8,Clc1cc2cc(Cl)ccc2cc1,"2,7-Dichloronaphthalene","Naphthalene, 2,7-dichloro-","2,7-DICHLORONAPHTHALENE",18988,DTXSID7062247,Clc1cc2cc(Cl)ccc2cc1,InChI=1S/C10H6Cl2/c11-9-3-1-7-2-4-10(12)6-8(7)5-9/h1-6H,DWBQZSYTSNYEEJ-UHFFFAOYSA-N,6.7,100175,<rdkit.Chem.rdchem.Mol object at 0x2b78da3d7d00>,Clc1ccc2ccc(Cl)cc2c1
100177,3268-87-9,3268-87-9,Clc1c2Oc3c(Oc2c(Cl)c(Cl)c1Cl)c(Cl)c(Cl)c(Cl)c3Cl,OCDD,Octachlorodibenzo-p-dioxin,octachlorooxanthrene,18990,DTXSID4025799,Clc1c2Oc3c(Oc2c(Cl)c(Cl)c1Cl)c(Cl)c(Cl)c(Cl)c3Cl,InChI=1S/C12Cl8O2/c13-1-2(14)6(18)10-9(5(1)17)21-11-7(19)3(15)4(16)8(20)12(11)22-10,FOIBFBMSLDGNHL-UHFFFAOYSA-N,12.05,100177,<rdkit.Chem.rdchem.Mol object at 0x2b78da3d7d60>,Clc1c(Cl)c(Cl)c2c(c1Cl)Oc1c(Cl)c(Cl)c(Cl)c(Cl)c1O2
100178,5103-71-9|5103-74-2,5103-71-9|5103-74-2,"ClC1(Cl)C2(Cl)[C@@H]3C[C@@H](Cl)[C@@H](Cl)[C@@H]3C1(Cl)C(Cl)=C2Cl |&1:5,7,9,11|","cis-Chlordane, trans-Chlordane",cis-Chlordane,C10H6Cl8,18991|18993,DTXSID6038326|DTXSID4038346,ClC1(Cl)C2(Cl)C3CC(Cl)C(Cl)C3C1(Cl)C(Cl)=C2Cl,"InChI=1S/C10H6Cl8/c11-3-1-2-4(5(3)12)9(16)7(14)6(13)8(2,15)10(9,17)18/h2-5H,1H2",BIWJNBZANLAXMG-UHFFFAOYSA-N,8.895,100178,<rdkit.Chem.rdchem.Mol object at 0x2b78da3d7dc0>,ClC1=C(Cl)C2(Cl)[C@H]3[C@H](Cl)[C@H](Cl)C[C@H]3C1(Cl)C2(Cl)Cl
100179,5103-73-1|39765-80-5,3734-49-4|39765-80-5,ClC12C(Cl)(Cl)C(C(C(Cl)C3Cl)C2C3Cl)(Cl)C(Cl)=C1Cl,"cis-Nonachlor, trans-Nonachlor",Nonachlor,C10H5Cl9,18992|19028,DTXSID8042214|DTXSID5052709,ClC1(Cl)C2(Cl)C3C(C(Cl)C(Cl)C3Cl)C1(Cl)C(Cl)=C2Cl,"InChI=1S/C10H5Cl9/c11-3-1-2(4(12)5(3)13)9(17)7(15)6(14)8(1,16)10(9,18)19/h1-5H",OCHOKXCPKDPNQU-UHFFFAOYSA-N,9.43,100179,<rdkit.Chem.rdchem.Mol object at 0x2b78da3d7e20>,ClC1=C(Cl)C2(Cl)C3C(Cl)C(Cl)C(Cl)C3C1(Cl)C2(Cl)Cl
100183,13029-08-8,13029-08-8,Clc1ccccc1-c1ccccc1Cl,"2,2'-Dichlorobiphenyl","2,2'-Dichlorobiphenyl","2,2'-dichlorobiphenyl",18995,DTXSID4044533,Clc1ccccc1-c1ccccc1Cl,InChI=1S/C12H8Cl2/c13-11-7-3-1-5-9(11)10-6-2-4-8-12(10)14/h1-8H,JAYCNKDKIKZTAF-UHFFFAOYSA-N,7.18,100183,<rdkit.Chem.rdchem.Mol object at 0x2b78da3d7e80>,Clc1ccccc1-c1ccccc1Cl
100184,15862-07-4,15862-07-4,Clc1cc(-c2ccccc2)c(Cl)cc1Cl,"2,4,5-PCB","2,4,5-Trichlorobiphenyl","1,2,4-trichloro-5-phenylbenzene",18996,DTXSID0073405,Clc1cc(-c2ccccc2)c(Cl)cc1Cl,InChI=1S/C12H7Cl3/c13-10-7-12(15)11(14)6-9(10)8-4-2-1-3-5-8/h1-7H,VGVIKVCCUATMNG-UHFFFAOYSA-N,8.0,100184,<rdkit.Chem.rdchem.Mol object at 0x2b78da3d7ee0>,Clc1cc(Cl)c(-c2ccccc2)cc1Cl
100185,16606-02-3,16606-02-3,Clc1ccc(Cl)cc1-c1ccc(Cl)cc1,"2,4',5-PCB","2,4',5-Trichlorobiphenyl","1,4-dichloro-2-(4-chlorophenyl)benzene",18997,DTXSID9073410,Clc1ccc(Cl)cc1-c1ccc(Cl)cc1,InChI=1S/C12H7Cl3/c13-9-3-1-8(2-4-9)11-7-10(14)5-6-12(11)15/h1-7H,VAHKBZSAUKPEOV-UHFFFAOYSA-N,7.92,100185,<rdkit.Chem.rdchem.Mol object at 0x2b78da3d7f40>,Clc1ccc(-c2cc(Cl)ccc2Cl)cc1
100187,20020-02-4,20020-02-4,Clc1c2ccccc2c(Cl)c(Cl)c1Cl,"1,2,3,4-Tetrachloronaphthalene","1,2,3,4-Tetrachloronaphthalene","1,2,3,4-tetrachloronaphthalene",18999,DTXSID5026095,Clc1c2ccccc2c(Cl)c(Cl)c1Cl,InChI=1S/C10H4Cl4/c11-7-5-3-1-2-4-6(5)8(12)10(14)9(7)13/h1-4H,NAQWICRLNQSPPW-UHFFFAOYSA-N,8.3,100187,<rdkit.Chem.rdchem.Mol object at 0x2b78da3d7fa0>,Clc1c(Cl)c(Cl)c2ccccc2c1Cl
100188,27304-13-8,27304-13-8,"ClC1(Cl)[C@@]2(Cl)[C@H]3[C@H]([C@@H]4O[C@]4(Cl)[C@@H]3Cl)[C@]1(Cl)C(Cl)=C2Cl |o1:3,5,6,7,9,13,&1:11|",Oxychlordane,(+/-)-Oxychlordane,C10H4Cl8O,19000,DTXSID9044166,ClC1(Cl)C2(Cl)C3C(C4OC4(Cl)C3Cl)C1(Cl)C(Cl)=C2Cl,"InChI=1S/C10H4Cl8O/c11-3-1-2(6-9(3,16)19-6)8(15)5(13)4(12)7(1,14)10(8,17)18/h1-3,6H",VWGNQYSIWFHEQU-UHFFFAOYSA-N,8.39,100188,<rdkit.Chem.rdchem.Mol object at 0x2b78da3c9040>,ClC1=C(Cl)[C@]2(Cl)[C@H]3[C@H]([C@@H]4O[C@]4(Cl)[C@@H]3Cl)[C@@]1(Cl)C2(Cl)Cl
100189,29446-15-9,29446-15-9,c1ccc2Oc3cc(Cl)c(Cl)cc3Oc2c1,"2,3-DCDD","2,3-Dichlorodibenzo-4-dioxin","2,3-dichlorooxanthrene",19001,DTXSID50183650,Clc1cc2Oc3ccccc3Oc2cc1Cl,InChI=1S/C12H6Cl2O2/c13-7-5-11-12(6-8(7)14)16-10-4-2-1-3-9(10)15-11/h1-6H,YCIYTXRUZSDMRZ-UHFFFAOYSA-N,8.5,100189,<rdkit.Chem.rdchem.Mol object at 0x2b78da3c90a0>,Clc1cc2c(cc1Cl)Oc1ccccc1O2
100191,31508-00-6,31508-00-6,Clc1ccc(cc1Cl)c2cc(Cl)c(Cl)cc2Cl,"2,4,5,3',4'-PCB","2,3',4,4',5-Pentachlorobiphenyl","2,3',4,4',5-pentachlorobiphenyl",19003,DTXSID4032116,Clc1ccc(cc1Cl)-c1cc(Cl)c(Cl)cc1Cl,InChI=1S/C12H5Cl5/c13-8-2-1-6(3-10(8)15)7-4-11(16)12(17)5-9(7)14/h1-5H,IUTPYMGCWINGEY-UHFFFAOYSA-N,9.82,100191,<rdkit.Chem.rdchem.Mol object at 0x2b78da3c9100>,Clc1ccc(-c2cc(Cl)c(Cl)cc2Cl)cc1Cl
100192,31604-28-1,31604-28-1,Clc1cc2c(c(Cl)c1)c(Cl)ccc2Cl,"1,3,5,8-Tetrachloronaphthalene","Naphthalene, 1,3,5,8-tetrachloro-","1,3,5,8-Tetrachloronaphthalene",19004,DTXSID10185493,Clc1cc2c(c(Cl)c1)c(Cl)ccc2Cl,InChI=1S/C10H4Cl4/c11-5-3-6-7(12)1-2-8(13)10(6)9(14)4-5/h1-4H,VFTLNRFRXWCJJK-UHFFFAOYSA-N,8.28,100192,<rdkit.Chem.rdchem.Mol object at 0x2b78da3c9160>,Clc1cc(Cl)c2c(Cl)ccc(Cl)c2c1
100193,32598-10-0,32598-10-0,Clc1ccc(c(Cl)c1)c2ccc(Cl)c(Cl)c2,"2,4,3',4'-PCB","2,3',4,4'-Tetrachlorobiphenyl","1,2-dichloro-4-(2,4-dichlorophenyl)benzene",19005,DTXSID3073472,Clc1cc(Cl)c(cc1)-c1cc(Cl)c(Cl)cc1,InChI=1S/C12H6Cl4/c13-8-2-3-9(11(15)6-8)7-1-4-10(14)12(16)5-7/h1-6H,RKLLTEAEZIJBAU-UHFFFAOYSA-N,9.02,100193,<rdkit.Chem.rdchem.Mol object at 0x2b78da3c91c0>,Clc1ccc(-c2ccc(Cl)c(Cl)c2)c(Cl)c1
100195,32598-14-4,32598-14-4,Clc1c(Cl)c(ccc1Cl)-c1cc(Cl)c(Cl)cc1,"2,3,3',4,4'-PCB","2,3,3',4,4'-Pentachlorobiphenyl","2,3,3',4,4'-pentachlorobiphenyl",19007,DTXSID8038306,Clc1c(Cl)c(ccc1Cl)-c1cc(Cl)c(Cl)cc1,InChI=1S/C12H5Cl5/c13-8-3-1-6(5-10(8)15)7-2-4-9(14)12(17)11(7)16/h1-5H,WIDHRBRBACOVOY-UHFFFAOYSA-N,10.0,100195,<rdkit.Chem.rdchem.Mol object at 0x2b78da3c9220>,Clc1ccc(-c2ccc(Cl)c(Cl)c2Cl)cc1Cl
100196,33284-53-6,33284-53-6,Clc1cc(-c2ccccc2)c(Cl)c(Cl)c1Cl,"2,3,4,5-PCB","2,3,4,5-Tetrachlorobiphenyl","1,2,3,4-tetrachloro-5-phenylbenzene",19008,DTXSID5074135,Clc1cc(-c2ccccc2)c(Cl)c(Cl)c1Cl,InChI=1S/C12H6Cl4/c13-9-6-8(7-4-2-1-3-5-7)10(14)12(16)11(9)15/h1-6H,HLQDGCWIOSOMDP-UHFFFAOYSA-N,8.74,100196,<rdkit.Chem.rdchem.Mol object at 0x2b78da3c9280>,Clc1cc(-c2ccccc2)c(Cl)c(Cl)c1Cl
100199,33857-28-2,33857-28-2,ClC2=CC1=C(C=C2Cl)OC(C=C(Cl)C=C3)=C3O1,"2,3,7-TriCDD","2,3,7-Trichlorodibenzo-p-dioxin","2,3,7-trichlorooxanthrene",19009,DTXSID7074878,Clc1cc2Oc3cc(Cl)c(Cl)cc3Oc2cc1,InChI=1S/C12H5Cl3O2/c13-6-1-2-9-10(3-6)17-12-5-8(15)7(14)4-11(12)16-9/h1-5H,ZSIZNEVHVVRPFF-UHFFFAOYSA-N,9.14,100199,<rdkit.Chem.rdchem.Mol object at 0x2b78da3c92e0>,Clc1ccc2c(c1)Oc1cc(Cl)c(Cl)cc1O2
100201,34883-43-7,34883-43-7,Clc1ccc(cc1)-c1ccccc1Cl,"2,4'-Dichlorobiphenyl","2,4'-Dichlorobiphenyl","2,4'-dichlorobiphenyl",19011,DTXSID0022511,Clc1ccc(cc1)-c1ccccc1Cl,InChI=1S/C12H8Cl2/c13-10-7-5-9(6-8-10)11-3-1-2-4-12(11)14/h1-8H,UFNIBRDIUNVOMX-UHFFFAOYSA-N,7.4,100201,<rdkit.Chem.rdchem.Mol object at 0x2b78da3c9340>,Clc1ccc(-c2ccccc2Cl)cc1
100202,35065-27-1,35065-27-1,Clc1cc(Cl)c(Cl)cc1-c1cc(Cl)c(Cl)cc1Cl,"2,2',4,4',5,5'-PCB","2,2',4,4',5,5'-Hexachlorobiphenyl","2,2',4,4',5,5'-hexachlorobiphenyl",19012,DTXSID2032180,Clc1cc(Cl)c(Cl)cc1-c1cc(Cl)c(Cl)cc1Cl,InChI=1S/C12H4Cl6/c13-7-3-11(17)9(15)1-5(7)6-2-10(16)12(18)4-8(6)14/h1-4H,MVWHGTYKUMDIHL-UHFFFAOYSA-N,9.73,100202,<rdkit.Chem.rdchem.Mol object at 0x2b78da3c93a0>,Clc1cc(Cl)c(-c2cc(Cl)c(Cl)cc2Cl)cc1Cl
100203,35065-28-2,35065-28-2,Clc1cc(Cl)c(cc1Cl)c2ccc(Cl)c(Cl)c2Cl,"2,3,4,2',4',5'-PCB","2,2',3,4,4',5'-Hexachlorobiphenyl","2,2',3,4,4',5'-hexachlorobiphenyl",19013,DTXSID8038300,Clc1ccc(-c2cc(Cl)c(Cl)cc2Cl)c(Cl)c1Cl,InChI=1S/C12H4Cl6/c13-7-2-1-5(11(17)12(7)18)6-3-9(15)10(16)4-8(6)14/h1-4H,RPUMZMSNLZHIGZ-UHFFFAOYSA-N,9.8,100203,<rdkit.Chem.rdchem.Mol object at 0x2b78da3c9400>,Clc1cc(Cl)c(-c2ccc(Cl)c(Cl)c2Cl)cc1Cl
100205,35693-99-3,35693-99-3,Clc1cc(-c2cc(Cl)ccc2Cl)c(Cl)cc1,"2,2',5,5'-PCB","2,2',5,5'-Tetrachlorobiphenyl","2,2',5,5'-tetrachlorobiphenyl",19015,DTXSID3038305,Clc1cc(-c2cc(Cl)ccc2Cl)c(Cl)cc1,InChI=1S/C12H6Cl4/c13-7-1-3-11(15)9(5-7)10-6-8(14)2-4-12(10)16/h1-6H,HCWZEPKLWVAEOV-UHFFFAOYSA-N,8.47,100205,<rdkit.Chem.rdchem.Mol object at 0x2b78da3c9460>,Clc1ccc(Cl)c(-c2cc(Cl)ccc2Cl)c1
100206,35822-46-9,35822-46-9,Clc1c(Cl)c(Cl)c2Oc3cc(Cl)c(Cl)c(Cl)c3Oc2c1Cl,"1,2,3,4,6,7,8-HpCDD","1,2,3,4,6,7,8-Heptachlorodibenzodioxin","1,2,3,4,6,7,8-heptachlorooxanthrene",19016,DTXSID1052034,Clc1cc2Oc3c(Oc2c(Cl)c1Cl)c(Cl)c(Cl)c(Cl)c3Cl,InChI=1S/C12HCl7O2/c13-2-1-3-10(7(17)4(2)14)21-12-9(19)6(16)5(15)8(18)11(12)20-3/h1H,WCLNVRQZUKYVAI-UHFFFAOYSA-N,11.42,100206,<rdkit.Chem.rdchem.Mol object at 0x2b78da3c94c0>,Clc1cc2c(c(Cl)c1Cl)Oc1c(Cl)c(Cl)c(Cl)c(Cl)c1O2
100207,36563-47-0,36563-47-0,Brc1ccccc1Oc1ccccc1,2-Bromodiphenyl ether,"Benzene, bromophenoxy-",1-bromo-2-(phenoxy)benzene,19017,DTXSID7073486,Brc1ccccc1Oc1ccccc1,InChI=1S/C12H9BrO/c13-11-8-4-5-9-12(11)14-10-6-2-1-3-7-10/h1-9H,RRWFUWRLNIZICP-UHFFFAOYSA-N,7.24,100207,<rdkit.Chem.rdchem.Mol object at 0x2b78da3c9520>,Brc1ccccc1Oc1ccccc1
100209,37680-65-2,37680-65-2,Clc1cc(-c2ccccc2Cl)c(Cl)cc1,"2,2',5-PCB","2,2',5-Trichlorobiphenyl","1,4-dichloro-2-(2-chlorophenyl)benzene",19019,DTXSID6073491,Clc1cc(-c2ccccc2Cl)c(Cl)cc1,InChI=1S/C12H7Cl3/c13-8-5-6-12(15)10(7-8)9-3-1-2-4-11(9)14/h1-7H,DCMURXAZTZQAFB-UHFFFAOYSA-N,7.6,100209,<rdkit.Chem.rdchem.Mol object at 0x2b78da3c9580>,Clc1ccc(Cl)c(-c2ccccc2Cl)c1
100210,37680-73-2,37680-73-2,Clc1cc(-c2cc(Cl)c(Cl)cc2Cl)c(Cl)cc1,"2,2',4,5,5'-PCB","2,2,4,5,5'-Pentochlorobiphenyl","2,2',4,5,5'-pentachlorobiphenyl",19020,DTXSID8038304,Clc1cc(-c2cc(Cl)c(Cl)cc2Cl)c(Cl)cc1,InChI=1S/C12H5Cl5/c13-6-1-2-9(14)7(3-6)8-4-11(16)12(17)5-10(8)15/h1-5H,LAHWLEDBADHJGA-UHFFFAOYSA-N,9.06,100210,<rdkit.Chem.rdchem.Mol object at 0x2b78da3c95e0>,Clc1ccc(Cl)c(-c2cc(Cl)c(Cl)cc2Cl)c1
100211,38379-99-6,38379-99-6,Clc1ccc(Cl)c(c1)c2c(Cl)ccc(Cl)c2Cl,"2,3,6,2',5'-PCB","2,2',3,5',6-Pentachlorobiphenyl","2,2',3,5',6-pentachlorobiphenyl",19021,DTXSID3038301,Clc1cc(-c2c(Cl)c(Cl)ccc2Cl)c(Cl)cc1,InChI=1S/C12H5Cl5/c13-6-1-2-8(14)7(5-6)11-9(15)3-4-10(16)12(11)17/h1-5H,GXNNLIMMEXHBKV-UHFFFAOYSA-N,8.79,100211,<rdkit.Chem.rdchem.Mol object at 0x2b78da3c9640>,Clc1ccc(Cl)c(-c2c(Cl)ccc(Cl)c2Cl)c1
100213,38380-04-0,38380-04-0,Clc1ccc(Cl)c(-c2cc(Cl)c(Cl)cc2Cl)c1Cl,"2,2',3,4',5',6-PCB","2,2',3,4',5',6-Hexachlorobiphenyl","1,2,4-trichloro-5-(2,3,6-trichlorophenyl)benzene",19023,DTXSID1073498,Clc1ccc(Cl)c(-c2cc(Cl)c(Cl)cc2Cl)c1Cl,InChI=1S/C12H4Cl6/c13-6-1-2-7(14)12(18)11(6)5-3-9(16)10(17)4-8(5)15/h1-4H,LKHLFUVHHXCNJH-UHFFFAOYSA-N,9.27,100213,<rdkit.Chem.rdchem.Mol object at 0x2b78da3c96a0>,Clc1cc(Cl)c(-c2c(Cl)ccc(Cl)c2Cl)cc1Cl
100214,38444-77-8,38444-77-8,Clc1ccc(cc1)-c1c(Cl)cccc1Cl,"2,4',6-PCB","2,4',6-Trichlorobiphenyl","1,3-dichloro-2-(4-chlorophenyl)benzene",19024,DTXSID8073500,Clc1ccc(cc1)-c1c(Cl)cccc1Cl,InChI=1S/C12H7Cl3/c13-9-6-4-8(5-7-9)12-10(14)2-1-3-11(12)15/h1-7H,IHIDFKLAWYPTKB-UHFFFAOYSA-N,7.72,100214,<rdkit.Chem.rdchem.Mol object at 0x2b78da3c9700>,Clc1ccc(-c2c(Cl)cccc2Cl)cc1
100215,39001-02-0,39001-02-0,Clc3c(Cl)c(Cl)c1c(oc2c(Cl)c(Cl)c(Cl)c(Cl)c12)c3Cl,OCDF,Octachlorodibenzofuran,"1,2,3,4,6,7,8,9-octachlorodibenzo[b,d]furan",19025,DTXSID3052062,Clc1c2oc3c(c2c(Cl)c(Cl)c1Cl)c(Cl)c(Cl)c(Cl)c3Cl,InChI=1S/C12Cl8O/c13-3-1-2-4(14)6(16)8(18)10(20)12(2)21-11(1)9(19)7(17)5(3)15,RHIROFAGUQOFLU-UHFFFAOYSA-N,11.9,100215,<rdkit.Chem.rdchem.Mol object at 0x2b78da3c9760>,Clc1c(Cl)c(Cl)c2c(oc3c(Cl)c(Cl)c(Cl)c(Cl)c32)c1Cl
100219,39227-61-7,39227-61-7,Clc1c(Cl)c(Cl)c2Oc3ccc(Cl)cc3Oc2c1Cl,"1,2,3,4,7-PCDD","1,2,3,4,7-Pentachlorodibenzo-p-dioxin","1,2,3,4,7-pentachlorooxanthrene",19027,DTXSID6074041,Clc1cc2Oc3c(Oc2cc1)c(Cl)c(Cl)c(Cl)c3Cl,InChI=1S/C12H3Cl5O2/c13-4-1-2-5-6(3-4)19-12-10(17)8(15)7(14)9(16)11(12)18-5/h1-3H,WRNGAZFESPEMCN-UHFFFAOYSA-N,10.67,100219,<rdkit.Chem.rdchem.Mol object at 0x2b78da3c97c0>,Clc1ccc2c(c1)Oc1c(Cl)c(Cl)c(Cl)c(Cl)c1O2
100221,40321-76-4,40321-76-4,ClC(C1=C2OC(C=C3Cl)=C(C=C3Cl)O1)=C(C(Cl)=C2)Cl,"1,2,3,7,8-PCDD","1,2,3,7,8-Pentachlorodibenzo-p-dioxin","1,2,3,7,8-pentachlorooxanthrene",19029,DTXSID7052078,Clc1c(Cl)c2Oc3cc(Cl)c(Cl)cc3Oc2cc1Cl,InChI=1S/C12H3Cl5O2/c13-4-1-7-8(2-5(4)14)19-12-9(18-7)3-6(15)10(16)11(12)17/h1-3H,FSPZPQQWDODWAU-UHFFFAOYSA-N,10.57,100221,<rdkit.Chem.rdchem.Mol object at 0x2b78da3c9820>,Clc1cc2c(cc1Cl)Oc1c(cc(Cl)c(Cl)c1Cl)O2
100222,41318-75-6,41318-75-6,BrC1=CC(Br)=CC=C1OC2=CC=C(C=C2)Br,"2,4,4'-Tribromo DPE","2,4,4'-Tribromodiphenyl ether (BDE 28)","4-bromophenyl 2,4-dibromophenyl ether",19030,DTXSID4052710,Brc1cc(Br)ccc1Oc1ccc(Br)cc1,InChI=1S/C12H7Br3O/c13-8-1-4-10(5-2-8)16-12-6-3-9(14)7-11(12)15/h1-7H,UPNBETHEXPIWQX-UHFFFAOYSA-N,9.5,100222,<rdkit.Chem.rdchem.Mol object at 0x2b78da3c9880>,Brc1ccc(Oc2ccc(Br)cc2Br)cc1
100224,41464-40-8,41464-40-8,Clc1cc(Cl)ccc1-c1cc(Cl)ccc1Cl,"2,2',4,5'-PCB","2,2',4,5'-Tetrachlorobiphenyl","2,4-dichloro-1-(2,5-dichlorophenyl)benzene",19032,DTXSID8073508,Clc1cc(Cl)ccc1-c1cc(Cl)ccc1Cl,InChI=1S/C12H6Cl4/c13-7-2-4-11(15)10(5-7)9-3-1-8(14)6-12(9)16/h1-6H,ZWPVHELAQPIZHO-UHFFFAOYSA-N,8.39,100224,<rdkit.Chem.rdchem.Mol object at 0x2b78da3c98e0>,Clc1ccc(-c2cc(Cl)ccc2Cl)c(Cl)c1
100225,41464-41-9,41464-41-9,Clc1cc(-c2c(Cl)cccc2Cl)c(Cl)cc1,"2,2',5,6'-PCB","2,2',5,6'-Tetrachlorobiphenyl","1,4-dichloro-2-(2,6-dichlorophenyl)benzene",19033,DTXSID3073509,Clc1cc(-c2c(Cl)cccc2Cl)c(Cl)cc1,InChI=1S/C12H6Cl4/c13-7-4-5-9(14)8(6-7)12-10(15)2-1-3-11(12)16/h1-6H,SFTUSTXGTCCSHX-UHFFFAOYSA-N,8.45,100225,<rdkit.Chem.rdchem.Mol object at 0x2b78da3c9940>,Clc1ccc(Cl)c(-c2c(Cl)cccc2Cl)c1
100226,50402-52-3,50402-52-3,Clc1cc2ccccc2c(Cl)c1Cl,"1,2,3-Trichloronaphthalene","Naphthalene, 1,2,3-trichloro-","1,2,3-Trichloronaphthalene",19034,DTXSID80198454,Clc1cc2ccccc2c(Cl)c1Cl,InChI=1S/C10H5Cl3/c11-8-5-6-3-1-2-4-7(6)9(12)10(8)13/h1-5H,QEPTXDCPBXMWJC-UHFFFAOYSA-N,7.66,100226,<rdkit.Chem.rdchem.Mol object at 0x2b78da3c99a0>,Clc1cc2ccccc2c(Cl)c1Cl
100228,52663-58-8,52663-58-8,Clc1ccc(cc1)-c1c(Cl)c(Cl)ccc1Cl,"2,3,4',6-PCB","2,3,4',6-Tetrachlorobiphenyl","1,2,4-trichloro-3-(4-chlorophenyl)benzene",19036,DTXSID3074159,Clc1ccc(cc1)-c1c(Cl)c(Cl)ccc1Cl,InChI=1S/C12H6Cl4/c13-8-3-1-7(2-4-8)11-9(14)5-6-10(15)12(11)16/h1-6H,FXRXQYZZALWWGA-UHFFFAOYSA-N,8.41,100228,<rdkit.Chem.rdchem.Mol object at 0x2b78da3c9a00>,Clc1ccc(-c2c(Cl)ccc(Cl)c2Cl)cc1
100229,52663-60-2,52663-60-2,Clc1c(-c2cccc(Cl)c2Cl)c(Cl)ccc1Cl,"2,2',3,3',6-PCB","2,2',3,3',6-Pentachlorobiphenyl","1,2,4-trichloro-3-(2,3-dichlorophenyl)benzene",19037,DTXSID0073536,Clc1c(-c2cccc(Cl)c2Cl)c(Cl)ccc1Cl,InChI=1S/C12H5Cl5/c13-7-4-5-9(15)12(17)10(7)6-2-1-3-8(14)11(6)16/h1-5H,QVWUJLANSDKRAH-UHFFFAOYSA-N,8.8,100229,<rdkit.Chem.rdchem.Mol object at 0x2b78da3c9a60>,Clc1cccc(-c2c(Cl)ccc(Cl)c2Cl)c1Cl
100230,52663-68-0,52663-68-0,Clc1cc(Cl)c(Cl)cc1-c1c(Cl)c(Cl)cc(Cl)c1Cl,"2,2',3,4',5,5',6-PCB","2,2',3,4',5,5',6-Heptachloro-1,1'-biphenyl","2,2',3,4',5,5',6-heptachlorobiphenyl",19038,DTXSID5052832,Clc1cc(Cl)c(Cl)cc1-c1c(Cl)c(Cl)cc(Cl)c1Cl,InChI=1S/C12H3Cl7/c13-5-2-7(15)6(14)1-4(5)10-11(18)8(16)3-9(17)12(10)19/h1-3H,UDMZPLROONOSEF-UHFFFAOYSA-N,9.87,100230,<rdkit.Chem.rdchem.Mol object at 0x2b78da3c9ac0>,Clc1cc(Cl)c(-c2c(Cl)c(Cl)cc(Cl)c2Cl)cc1Cl
100232,53555-63-8,53555-63-8,Clc1cccc2c1cc(Cl)c(Cl)c2Cl,"1,2,3,5-Tetrachloronaphthalene","Naphthalene, 1,2,3,5-tetrachloro-","1,2,3,5-Tetrachloronaphthalene",19040,DTXSID00201772,Clc1cccc2c1cc(Cl)c(Cl)c2Cl,InChI=1S/C10H4Cl4/c11-7-3-1-2-5-6(7)4-8(12)10(14)9(5)13/h1-4H,HJJKSUVYCQAMBG-UHFFFAOYSA-N,8.29,100232,<rdkit.Chem.rdchem.Mol object at 0x2b78da3c9b20>,Clc1cc2c(Cl)cccc2c(Cl)c1Cl
100233,53555-64-9,53555-64-9,Clc1cc(Cl)c2cc(Cl)cc(Cl)c2c1,"1,3,5,7-Tetrachloronaphthalene","Naphthalene, 1,3,5,7-tetrachloro-","1,3,5,7-Tetrachloronaphthalene",19041,DTXSID60201773,Clc1cc(Cl)c2cc(Cl)cc(Cl)c2c1,InChI=1S/C10H4Cl4/c11-5-1-7-8(10(14)3-5)2-6(12)4-9(7)13/h1-4H,OTTCXKPQKOLSJN-UHFFFAOYSA-N,7.9,100233,<rdkit.Chem.rdchem.Mol object at 0x2b78da3c9b80>,Clc1cc(Cl)c2cc(Cl)cc(Cl)c2c1
100234,53555-65-0,53555-65-0,Clc1c(cc2c(cc(cc2c1Cl)Cl)Cl)Cl,"1,2,3,5,7-PC-naphthalene","Naphthalene, 1,2,3,5,7-pentachloro-","1,2,3,5,7-Pentachloronaphthalene",19042,DTXSID20201774,Clc1cc(Cl)c2cc(Cl)c(Cl)c(Cl)c2c1,InChI=1S/C10H3Cl5/c11-4-1-6-5(7(12)2-4)3-8(13)10(15)9(6)14/h1-3H,OVSKLQPHXHPXDR-UHFFFAOYSA-N,8.82,100234,<rdkit.Chem.rdchem.Mol object at 0x2b78da3c9be0>,Clc1cc(Cl)c2cc(Cl)c(Cl)c(Cl)c2c1
100236,55720-43-9,55720-43-9,Clc1ccc(Cl)c2cc(Cl)c(Cl)cc12,"1,4,6,7-Tetrachloronaphthalene","Naphthalene, 1,4,6,7-tetrachloro-","1,4,6,7-Tetrachloronaphthalene",19044,DTXSID60204269,Clc1ccc(Cl)c2cc(Cl)c(Cl)cc12,InChI=1S/C10H4Cl4/c11-7-1-2-8(12)6-4-10(14)9(13)3-5(6)7/h1-4H,VJZRCIYSYVGDMU-UHFFFAOYSA-N,8.13,100236,<rdkit.Chem.rdchem.Mol object at 0x2b78da3c9c40>,Clc1cc2c(Cl)ccc(Cl)c2cc1Cl
100237,57117-31-4,57117-31-4,c1(Cl)cc2c3cc(Cl)c(Cl)cc3oc2c(Cl)c1Cl,"2,3,4,7,8-PCDF","2,3,4,7,8-Pentachlorodibenzofuran","2,3,4,7,8-pentachlorodibenzo[b,d]furan",19045,DTXSID7030066,Clc1c(Cl)c2oc3cc(Cl)c(Cl)cc3c2cc1Cl,InChI=1S/C12H3Cl5O/c13-6-1-4-5-2-8(15)10(16)11(17)12(5)18-9(4)3-7(6)14/h1-3H,OGBQILNBLMPPDP-UHFFFAOYSA-N,10.37,100237,<rdkit.Chem.rdchem.Mol object at 0x2b78da3c9ca0>,Clc1cc2oc3c(Cl)c(Cl)c(Cl)cc3c2cc1Cl
100238,57117-44-9,57117-44-9,Clc1c(Cl)c2c3cc(Cl)c(Cl)c(Cl)c3Oc2cc1Cl,"1,2,3,6,7,8-HxCDF","1,2,3,6,7,8-Hexachlorodibenzofuran","1,2,3,6,7,8-HEXACHLORODIBENZOFURAN",19046,DTXSID2069155,Clc1cc2c(oc3cc(Cl)c(Cl)c(Cl)c23)c(Cl)c1Cl,InChI=1S/C12H2Cl6O/c13-4-1-3-7-6(2-5(14)8(15)10(7)17)19-12(3)11(18)9(4)16/h1-2H,JEYJJJXOFWNEHN-UHFFFAOYSA-N,10.78,100238,<rdkit.Chem.rdchem.Mol object at 0x2b78da3c9d00>,Clc1cc2c(oc3cc(Cl)c(Cl)c(Cl)c32)c(Cl)c1Cl
100240,57653-85-7,57653-85-7,Clc2cc1Oc3c(Oc1c(Cl)c2Cl)cc(Cl)c(Cl)c3Cl,"1,2,3,6,7,8-HxCDD","1,2,3,6,7,8-Hexachlorodibenzo-p-dioxin","1,2,3,6,7,8-hexachlorooxanthrene",19048,DTXSID0023824,Clc1cc2Oc3c(cc(Cl)c(Cl)c3Cl)Oc2c(Cl)c1Cl,InChI=1S/C12H2Cl6O2/c13-3-1-5-11(9(17)7(3)15)20-6-2-4(14)8(16)10(18)12(6)19-5/h1-2H,YCLUIPQDHHPDJJ-UHFFFAOYSA-N,10.97,100240,<rdkit.Chem.rdchem.Mol object at 0x2b78da3c9d60>,Clc1cc2c(c(Cl)c1Cl)Oc1cc(Cl)c(Cl)c(Cl)c1O2
100241,58802-20-3,58802-20-3,c1(Cl)c(Cl)c2c3cc(Cl)c(Cl)cc3oc2cc1,"1,2,7,8-TCDF","1,2,7,8-Tetrachlorodibenzofuran","1,2,7,8-TETRACHLORODIBENZOFURAN",19049,DTXSID60207538,Clc1ccc2oc3cc(Cl)c(Cl)cc3c2c1Cl,InChI=1S/C12H4Cl4O/c13-6-1-2-9-11(12(6)16)5-3-7(14)8(15)4-10(5)17-9/h1-4H,JODWPAQNABOHDG-UHFFFAOYSA-N,9.78,100241,<rdkit.Chem.rdchem.Mol object at 0x2b78da3c9dc0>,Clc1cc2oc3ccc(Cl)c(Cl)c3c2cc1Cl
100243,60348-60-9,60348-60-9,BrC1=CC(Br)=C(C=C1OC2=CC=C(C=C2Br)Br)Br,"2,2',4,4',5-Pentabromo DPE","2,2',4,4',5-Pentabromodiphenyl ether",C12H5Br5O,19050,DTXSID9030048,Brc1cc(Br)c(cc1)Oc1cc(Br)c(Br)cc1Br,InChI=1S/C12H5Br5O/c13-6-1-2-11(9(16)3-6)18-12-5-8(15)7(14)4-10(12)17/h1-5H,WHPVYXDFIXRKLN-UHFFFAOYSA-N,11.31,100243,<rdkit.Chem.rdchem.Mol object at 0x2b78da3c9e20>,Brc1ccc(Oc2cc(Br)c(Br)cc2Br)c(Br)c1
100246,67562-39-4,67562-39-4,c1(Cl)c(Cl)c2c3cc(Cl)c(Cl)c(Cl)c3oc2c(Cl)c1Cl,"1,2,3,4,6,7,8-HpCDF","1,2,3,4,6,7,8-Heptachlorodibenzo[b,d]furan","1,2,3,4,6,7,8-heptachlorodibenzo[b,d]furan",19052,DTXSID8052350,Clc1cc2c(oc3c2c(Cl)c(Cl)c(Cl)c3Cl)c(Cl)c1Cl,InChI=1S/C12HCl7O/c13-3-1-2-4-6(15)7(16)8(17)10(19)12(4)20-11(2)9(18)5(3)14/h1H,WDMKCPIVJOGHBF-UHFFFAOYSA-N,11.17,100246,<rdkit.Chem.rdchem.Mol object at 0x2b78da3c9e80>,Clc1cc2c(oc3c(Cl)c(Cl)c(Cl)c(Cl)c32)c(Cl)c1Cl
100247,67922-21-8,67922-21-8,Clc1cc2c(cc1)c(Cl)cc(Cl)c2Cl,"1,2,4,7-Tetrachloronaphthalene","Naphthalene, 1,2,4,7-tetrachloro-","1,2,4,7-Tetrachloronaphthalene",19053,DTXSID70218135,Clc1cc2c(cc1)c(Cl)cc(Cl)c2Cl,InChI=1S/C10H4Cl4/c11-5-1-2-6-7(3-5)10(14)9(13)4-8(6)12/h1-4H,PWXOBMRJWBBEED-UHFFFAOYSA-N,8.13,100247,<rdkit.Chem.rdchem.Mol object at 0x2b78da3c9ee0>,Clc1ccc2c(Cl)cc(Cl)c(Cl)c2c1
100249,70648-26-9,70648-26-9,Clc1c(Cl)c2c3cc(Cl)c(Cl)cc3Oc2c(Cl)c1Cl,"1,2,3,4,7,8-HxCDF","1,2,3,4,7,8-Hexachlorodibenzofuran","1,2,3,4,7,8-hexachlorodibenzo[b,d]furan",19054,DTXSID6029915,Clc1cc2c3c(oc2cc1Cl)c(Cl)c(Cl)c(Cl)c3Cl,InChI=1S/C12H2Cl6O/c13-4-1-3-6(2-5(4)14)19-12-7(3)8(15)9(16)10(17)11(12)18/h1-2H,LVYBAQIVPKCOEE-UHFFFAOYSA-N,10.77,100249,<rdkit.Chem.rdchem.Mol object at 0x2b78da3c9f40>,Clc1cc2oc3c(Cl)c(Cl)c(Cl)c(Cl)c3c2cc1Cl
100251,73575-54-9,73575-54-9,Clc1c(-c2c(Cl)cccc2Cl)c(Cl)ccc1Cl,"2,2',3,6,6'-PCB","2,2',3,6,6'-Pentachlorobiphenyl","1,2,4-trichloro-3-(2,6-dichlorophenyl)benzene",19056,DTXSID5074216,Clc1c(-c2c(Cl)cccc2Cl)c(Cl)ccc1Cl,InChI=1S/C12H5Cl5/c13-6-2-1-3-7(14)10(6)11-8(15)4-5-9(16)12(11)17/h1-5H,QQFGAXUIQVKBKU-UHFFFAOYSA-N,8.53,100251,<rdkit.Chem.rdchem.Mol object at 0x2b78da3c9fa0>,Clc1ccc(Cl)c(-c2c(Cl)cccc2Cl)c1Cl
100252,74472-47-2,74472-47-2,Clc1c(c(c(c(c1Cl)Cl)Cl)Cl)c2ccc(cc2Cl)Cl,"2,3,4,5,6,2',4'-PCB","2,2',3,4,4',5,6-Heptachlorobiphenyl","1,2,3,4,5-pentachloro-6-(2,4-dichlorophenyl)benzene",19057,DTXSID8074235,Clc1cc(Cl)c(cc1)-c1c(Cl)c(Cl)c(Cl)c(Cl)c1Cl,InChI=1S/C12H3Cl7/c13-4-1-2-5(6(14)3-4)7-8(15)10(17)12(19)11(18)9(7)16/h1-3H,DJEUXBQAKBLKPO-UHFFFAOYSA-N,10.51,100252,<rdkit.Chem.rdchem.Mol object at 0x2b78da3e1040>,Clc1ccc(-c2c(Cl)c(Cl)c(Cl)c(Cl)c2Cl)c(Cl)c1
100253,83704-54-5,83704-54-5,Clc3c(c(cc2c3c1c(o2)ccc(c1Cl)Cl)Cl)Cl,"1,2,3,8,9-PCDF","1,2,3,8,9-Pentachlorodibenzofuran","1,2,3,8,9-PENTACHLORODIBENZOFURAN",19058,DTXSID60232567,Clc1c2c3c(ccc(Cl)c3Cl)oc2cc(Cl)c1Cl,InChI=1S/C12H3Cl5O/c13-4-1-2-6-8(10(4)15)9-7(18-6)3-5(14)11(16)12(9)17/h1-3H,NKGLWUJPCTUDEH-UHFFFAOYSA-N,10.48,100253,<rdkit.Chem.rdchem.Mol object at 0x2b78da3e10a0>,Clc1cc2oc3ccc(Cl)c(Cl)c3c2c(Cl)c1Cl
100255,92341-07-6,92341-07-6,Clc3c(c(c(c2c3c1c(o2)ccc(c1Cl)Cl)Cl)Cl)Cl,"1,2,3,4,8,9-HxCDF","Dibenzofuran, 1,2,3,4,8,9-hexachloro-","1,2,3,4,8,9-HEXACHLORODIBENZOFURAN",19060,DTXSID1075276,Clc1ccc2oc3c(c2c1Cl)c(Cl)c(Cl)c(Cl)c3Cl,InChI=1S/C12H2Cl6O/c13-3-1-2-4-5(7(3)14)6-8(15)9(16)10(17)11(18)12(6)19-4/h1-2H,VSDUQUBUJRNREH-UHFFFAOYSA-N,10.95,100255,<rdkit.Chem.rdchem.Mol object at 0x2b78da3e1100>,Clc1ccc2oc3c(Cl)c(Cl)c(Cl)c(Cl)c3c2c1Cl
100256,103426-94-4,103426-94-4,Clc1c(cc2c(cc(c(c2c1Cl)Cl)Cl)Cl)Cl,"1,2,3,5,7,8-HxC-naphthalene","Naphthalene, 1,2,3,5,7,8-hexachloro-","1,2,3,5,7,8-hexachloronaphthalene",19061,DTXSID90145833,Clc1cc2c(c(Cl)c1Cl)c(Cl)c(Cl)cc2Cl,InChI=1S/C10H2Cl6/c11-4-2-6(13)8(14)7-3(4)1-5(12)9(15)10(7)16/h1-2H,JPQLLIUTUFJWMH-UHFFFAOYSA-N,9.67,100256,<rdkit.Chem.rdchem.Mol object at 0x2b78da3e1160>,Clc1cc2c(Cl)cc(Cl)c(Cl)c2c(Cl)c1Cl
100257,103426-96-6,103426-96-6,Clc1c(c(c2cc(c(cc2c1Cl)Cl)Cl)Cl)Cl,"1,2,3,4,6,7-HxC-naphthalene","1,2,3,4,6,7-Hexachloronaphthalene","1,2,3,4,6,7-hexachloronaphthalene",19062,DTXSID6036885,Clc1cc2c(cc1Cl)c(Cl)c(Cl)c(Cl)c2Cl,InChI=1S/C10H2Cl6/c11-5-1-3-4(2-6(5)12)8(14)10(16)9(15)7(3)13/h1-2H,ZRNSVEOEIWQEMU-UHFFFAOYSA-N,9.58,100257,<rdkit.Chem.rdchem.Mol object at 0x2b78da3e11c0>,Clc1cc2c(Cl)c(Cl)c(Cl)c(Cl)c2cc1Cl
100259,150224-24-1,150224-24-1,Clc1c(c(c2c(ccc(c2c1)Cl)Cl)Cl)Cl,"1,2,3,5,8-PC-naphthalene","Naphthalene, 1,2,3,5,8-pentachloro-","1,2,3,5,8-Pentachloronaphthalene",19064,DTXSID70164507,Clc1cc2c(c(Cl)c1Cl)c(Cl)ccc2Cl,InChI=1S/C10H3Cl5/c11-5-1-2-6(12)8-4(5)3-7(13)9(14)10(8)15/h1-3H,HVYRFNJXZVEGFK-UHFFFAOYSA-N,9.1,100259,<rdkit.Chem.rdchem.Mol object at 0x2b78da3e1220>,Clc1cc2c(Cl)ccc(Cl)c2c(Cl)c1Cl
100260,182346-21-0,182346-21-0,BrC1=C(C(Br)=CC=C1OC2=CC=C(C=C2Br)Br)Br,"2,2',3,4,4'-Pentabromo DPE","2,2',3,4,4'-Pentabromodiphenyl ether (BDE 85)","2,4-dibromophenyl 2,3,4-tribromophenyl ether",19065,DTXSID4052685,Brc1cc(Br)c(cc1)Oc1ccc(Br)c(Br)c1Br,InChI=1S/C12H5Br5O/c13-6-1-3-9(8(15)5-6)18-10-4-2-7(14)11(16)12(10)17/h1-5H,DMLQSUZPTTUUDP-UHFFFAOYSA-N,11.66,100260,<rdkit.Chem.rdchem.Mol object at 0x2b78da3e1280>,Brc1ccc(Oc2ccc(Br)c(Br)c2Br)c(Br)c1
100271,SRC005-98-0,55720-33-7,Clc1ccc2c(Cl)cccc2c1Cl,"1,2,5-Trichloronaphthalene","Naphthalene, 1,2,5-trichloro-","1,2,5-Trichloronaphthalene",19066,DTXSID10204259,Clc1cccc2c1ccc(Cl)c2Cl,InChI=1S/C10H5Cl3/c11-8-3-1-2-7-6(8)4-5-9(12)10(7)13/h1-5H,MMHZKSMAFILONG-UHFFFAOYSA-N,7.5,100271,<rdkit.Chem.rdchem.Mol object at 0x2b78da3e12e0>,Clc1ccc2c(Cl)cccc2c1Cl
100273,SRC005-98-2,55720-34-8,Clc1ccc2ccc(Cl)cc2c1Cl,"1,2,7-Trichloronaphthalene","Naphthalene, 1,2,7-trichloro-","1,2,7-Trichloronaphthalene",19068,DTXSID20204260,Clc1cc2c(cc1)ccc(Cl)c2Cl,InChI=1S/C10H5Cl3/c11-7-3-1-6-2-4-9(12)10(13)8(6)5-7/h1-5H,QYYUVUXSJZJCLQ-UHFFFAOYSA-N,7.5,100273,<rdkit.Chem.rdchem.Mol object at 0x2b78da3efe80>,Clc1ccc2ccc(Cl)c(Cl)c2c1
100274,SRC005-98-3,55720-39-3,c1ccc2cc(Cl)c(Cl)cc2c1Cl,"1,6,7-Trichloronaphthalene","Naphthalene, 1,6,7-trichloro-","1,6,7-Trichloronaphthalene",19069,DTXSID20204265,Clc1cccc2cc(Cl)c(Cl)cc12,InChI=1S/C10H5Cl3/c11-8-3-1-2-6-4-9(12)10(13)5-7(6)8/h1-5H,FUEZTEBYLIMNHN-UHFFFAOYSA-N,7.5,100274,<rdkit.Chem.rdchem.Mol object at 0x2b78da3e1340>,Clc1cc2cccc(Cl)c2cc1Cl
100275,SRC005-98-4,51570-43-5,c1c(Cl)cc2c(Cl)cccc2c1Cl,"1,3,5-Trichloronaphthalene",,,19070,DTXSID20872600,Clc1cc2c(cccc2Cl)c(Cl)c1,InChI=1S/C10H5Cl3/c11-6-4-8-7(10(13)5-6)2-1-3-9(8)12/h1-5H,DZHZYPCCEISGSQ-UHFFFAOYSA-N,7.32,100275,<rdkit.Chem.rdchem.Mol object at 0x2b78da3e13a0>,Clc1cc(Cl)c2cccc(Cl)c2c1
100277,SRC005-98-6,2437-55-0,c1cc(Cl)c2c(Cl)cccc2c1Cl,"1,4,5-Trichloronaphthalene","Naphthalene, 1,4,5-trichloro-","1,4,5-Trichloronaphthalene",19072,DTXSID10179115,Clc1ccc(Cl)c2cccc(Cl)c12,InChI=1S/C10H5Cl3/c11-7-4-5-9(13)10-6(7)2-1-3-8(10)12/h1-5H,VQSNXLCFFHGXTI-UHFFFAOYSA-N,7.56,100277,<rdkit.Chem.rdchem.Mol object at 0x2b78da3e1400>,Clc1ccc(Cl)c2c(Cl)cccc12
100278,SRC005-98-7,55720-41-7,Clc1c(Cl)cc2ccc(Cl)cc2c1Cl,"1,2,3,7-Tetrachloronaphthalene","Naphthalene, 1,2,3,7-tetrachloro-","1,2,3,7-Tetrachloronaphthalene",19073,DTXSID40204267,Clc1cc2c(cc(Cl)c(Cl)c2Cl)cc1,InChI=1S/C10H4Cl4/c11-6-2-1-5-3-8(12)10(14)9(13)7(5)4-6/h1-4H,AULMCNDOHMTPGC-UHFFFAOYSA-N,8.35,100278,<rdkit.Chem.rdchem.Mol object at 0x2b78da3e1460>,Clc1ccc2cc(Cl)c(Cl)c(Cl)c2c1
100279,SRC005-98-8,51570-45-7,Clc1cc(Cl)c2cc(Cl)ccc2c1Cl,"1,2,4,6-Tetrachloronaphthalene","Naphthalene, 1,2,4,6-tetrachloro-","1,2,4,6-Tetrachloronaphthalene",19074,DTXSID60199525,Clc1cc2c(cc1)c(Cl)c(Cl)cc2Cl,InChI=1S/C10H4Cl4/c11-5-1-2-6-7(3-5)8(12)4-9(13)10(6)14/h1-4H,GLVVZPZGCNEVEM-UHFFFAOYSA-N,8.08,100279,<rdkit.Chem.rdchem.Mol object at 0x2b78da3e14c0>,Clc1ccc2c(Cl)c(Cl)cc(Cl)c2c1
100281,SRC005-99-0,6529-87-9,Clc1cc(Cl)c2cccc(Cl)c2c1Cl,"1,2,4,8-Tetrachloronaphthalene","Naphthalene, 1,2,4,8-tetrachloro-","1,2,4,8-Tetrachloronaphthalene",19076,DTXSID40215636,Clc1cc(Cl)c2cccc(Cl)c2c1Cl,InChI=1S/C10H4Cl4/c11-6-3-1-2-5-7(12)4-8(13)10(14)9(5)6/h1-4H,OBUSZUCZKSCTMW-UHFFFAOYSA-N,8.41,100281,<rdkit.Chem.rdchem.Mol object at 0x2b78da3e1520>,Clc1cc(Cl)c2cccc(Cl)c2c1Cl
100282,SRC005-99-1,149864-80-2,Clc1ccc2c(Cl)ccc(Cl)c2c1Cl,"1,2,5,8-Tetrachloronaphthalene",,,19077,DTXSID60872760,Clc1ccc(Cl)c2ccc(Cl)c(Cl)c12,InChI=1S/C10H4Cl4/c11-6-3-4-7(12)9-5(6)1-2-8(13)10(9)14/h1-4H,DLTBLLHAQLBHDR-UHFFFAOYSA-N,8.4,100282,<rdkit.Chem.rdchem.Mol object at 0x2b78da3e1580>,Clc1ccc2c(Cl)ccc(Cl)c2c1Cl
100283,SRC005-99-2,3432-57-3,c1cc(Cl)c2c(Cl)ccc(Cl)c2c1Cl,"1,4,5,8-Tetrachloronaphthalene","Naphthalene, 1,4,5,8-tetrachloro-","1,4,5,8-Tetrachloronaphthalene",19078,DTXSID60187886,Clc1ccc(Cl)c2c1c(Cl)ccc2Cl,InChI=1S/C10H4Cl4/c11-5-1-2-6(12)10-8(14)4-3-7(13)9(5)10/h1-4H,LITCKAVLJAKHOE-UHFFFAOYSA-N,8.45,100283,<rdkit.Chem.rdchem.Mol object at 0x2b78da3e15e0>,Clc1ccc(Cl)c2c(Cl)ccc(Cl)c12
100285,SRC005-99-4,67922-22-9,Clc1ccc2c(Cl)c(Cl)ccc2c1Cl,"1,2,5,6-Tetrachloronaphthalene","Naphthalene, 1,2,5,6-tetrachloro-","1,2,5,6-Tetrachloronaphthalene",19080,DTXSID30218136,Clc1ccc2c(ccc(Cl)c2Cl)c1Cl,InChI=1S/C10H4Cl4/c11-7-3-1-5-6(10(7)14)2-4-8(12)9(5)13/h1-4H,ZPUUGNBIWHBXBM-UHFFFAOYSA-N,8.28,100285,<rdkit.Chem.rdchem.Mol object at 0x2b78da3e1640>,Clc1ccc2c(Cl)c(Cl)ccc2c1Cl
100286,SRC005-99-5,149864-79-9,Clc1ccc2cc(Cl)c(Cl)cc2c1Cl,"1,2,6,7-Tetrachloronaphthalene","Naphthalene, 1,2,6,7-tetrachloro-","1,2,6,7-Tetrachloronaphthalene",19081,DTXSID00164419,Clc1c2cc(Cl)c(Cl)cc2ccc1Cl,InChI=1S/C10H4Cl4/c11-7-2-1-5-3-8(12)9(13)4-6(5)10(7)14/h1-4H,AXLIBZIJTKPCHR-UHFFFAOYSA-N,8.34,100286,<rdkit.Chem.rdchem.Mol object at 0x2b78da3e16a0>,Clc1cc2ccc(Cl)c(Cl)c2cc1Cl
100287,SRC005-99-6,150224-15-0,c1c(Cl)cc2cc(Cl)cc(Cl)c2c1Cl,"1,3,6,8-Tetrachloronaphthalene","Naphthalene, 1,3,6,8-tetrachloro-","1,3,6,8-Tetrachloronaphthalene",19082,DTXSID40164498,Clc1cc2cc(Cl)cc(Cl)c2c(Cl)c1,InChI=1S/C10H4Cl4/c11-6-1-5-2-7(12)4-9(14)10(5)8(13)3-6/h1-4H,XXWQPOHDPJIYIN-UHFFFAOYSA-N,8.28,100287,<rdkit.Chem.rdchem.Mol object at 0x2b78da3e1700>,Clc1cc(Cl)c2c(Cl)cc(Cl)cc2c1
100289,SRC005-99-8,149864-82-4,Clc1ccc2ccc(Cl)c(Cl)c2c1Cl,"1,2,7,8-Tetrachloronaphthalene","Naphthalene, 1,2,7,8-tetrachloro-","1,2,7,8-Tetrachloronaphthalene",19084,DTXSID10164420,Clc1ccc2ccc(Cl)c(Cl)c2c1Cl,InChI=1S/C10H4Cl4/c11-6-3-1-5-2-4-7(12)10(14)8(5)9(6)13/h1-4H,DARLUNVQYCQWRW-UHFFFAOYSA-N,8.65,100289,<rdkit.Chem.rdchem.Mol object at 0x2b78da3e1760>,Clc1ccc2ccc(Cl)c(Cl)c2c1Cl
100290,SRC005-99-9,6876-00-2,c1ccccc1Oc2cc(Br)ccc2,3-Bromodiphenyl ether,PBDE 002,1-bromo-3-(phenoxy)benzene,19085,DTXSID9074773,Brc1cc(ccc1)Oc1ccccc1,InChI=1S/C12H9BrO/c13-10-5-4-8-12(9-10)14-11-6-2-1-3-7-11/h1-9H,AHDAKFFMKLQPTD-UHFFFAOYSA-N,7.36,100290,<rdkit.Chem.rdchem.Mol object at 0x2b78da3e17c0>,Brc1cccc(Oc2ccccc2)c1
100291,SRC006-00-0,171977-44-9,c1ccccc1Oc2c(Br)cc(Br)cc2,"2,4-Dibromodiphenyl ether",PUBCHEM_14942774,C12H8Br2O,19086,DTXSID70565813,Brc1cc(Br)c(cc1)Oc1ccccc1,InChI=1S/C12H8Br2O/c13-9-6-7-12(11(14)8-9)15-10-4-2-1-3-5-10/h1-8H,JMCIHKKTRDLVCO-UHFFFAOYSA-N,8.37,100291,<rdkit.Chem.rdchem.Mol object at 0x2b78da3e1820>,Brc1ccc(Oc2ccccc2)c(Br)c1
100293,SRC006-00-2,51930-04-2,c1ccccc1Oc2c(Br)cccc2Br,"2,6-Dibromodiphenyl ether","Benzene, 1,3-dibromo-2-phenoxy-",C12H8Br2O,19088,DTXSID00477016,Brc1cccc(Br)c1Oc1ccccc1,InChI=1S/C12H8Br2O/c13-10-7-4-8-11(14)12(10)15-9-5-2-1-3-6-9/h1-8H,MUVDKHMQIZJFTC-UHFFFAOYSA-N,8.12,100293,<rdkit.Chem.rdchem.Mol object at 0x2b78da3e1880>,Brc1cccc(Br)c1Oc1ccccc1
100295,SRC006-00-4,83694-71-7,c1cc(Br)ccc1Oc2cc(Br)ccc2,"3,4'-Dibromodiphenyl ether",PUBCHEM_15738105,C12H8Br2O,19090,DTXSID90577711,Brc1ccc(cc1)Oc1cc(Br)ccc1,InChI=1S/C12H8Br2O/c13-9-4-6-11(7-5-9)15-12-3-1-2-10(14)8-12/h1-8H,BGPOVBPKODCMMN-UHFFFAOYSA-N,8.57,100295,<rdkit.Chem.rdchem.Mol object at 0x2b78da3e18e0>,Brc1ccc(Oc2cccc(Br)c2)cc1
100004,60-29-7,60-29-7,CCOCC,Diethyl ether,Diethyl ether,diethyl ether,18818,DTXSID3021720,CCOCC,"InChI=1S/C4H10O/c1-3-5-4-2/h3-4H2,1-2H3",RTZKZFJDLAIYFH-UHFFFAOYSA-N,2.19,100004,<rdkit.Chem.rdchem.Mol object at 0x2b78da3e1940>,CCOCC
100008,64-19-7,64-19-7,CC(O)=O,Acetic acid,Acetic acid,acetic acid,18822,DTXSID5024394,CC(O)=O,"InChI=1S/C2H4O2/c1-2(3)4/h1H3,(H,3,4)",QTBSBXVTEAMEQO-UHFFFAOYSA-N,4.31,100008,<rdkit.Chem.rdchem.Mol object at 0x2b78da3e19a0>,CC(=O)O
100012,67-64-1,67-64-1,CC(C)=O,Acetone,Acetone,propan-2-one,18826,DTXSID8021482,CC(C)=O,InChI=1S/C3H6O/c1-3(2)4/h1-2H3,CSCPPACGZOOCGX-UHFFFAOYSA-N,2.31,100012,<rdkit.Chem.rdchem.Mol object at 0x2b78da3e1a00>,CC(C)=O
100016,68-12-2,68-12-2,CN(C)C=O,Dimethylformamide,"N,N-Dimethylformamide","N,N-dimethylformamide",18830,DTXSID6020515,CN(C)C=O,"InChI=1S/C3H7NO/c1-4(2)3-5/h3H,1-2H3",ZMXDDKWLCZADIW-UHFFFAOYSA-N,4.38,100016,<rdkit.Chem.rdchem.Mol object at 0x2b78da3e1a60>,CN(C)C=O
100020,71-41-0,71-41-0,CCCCCO,1-Pentanol,1-Pentanol,pentan-1-ol,18834,DTXSID6021741,CCCCCO,"InChI=1S/C5H12O/c1-2-3-4-5-6/h6H,2-5H2,1H3",AMQJEAYHLZJPGS-UHFFFAOYSA-N,4.69,100020,<rdkit.Chem.rdchem.Mol object at 0x2b78da3e1ac0>,CCCCCO
100025,72-55-9,72-55-9,ClC(Cl)=C(c1ccc(Cl)cc1)c1ccc(Cl)cc1,"p,p'-DDE","p,p'-DDE","1,1'-(2,2-dichloroethene-1,1-diyl)bis(4-chlorobenzene)",18839,DTXSID9020374,ClC(Cl)=C(c1ccc(Cl)cc1)c1ccc(Cl)cc1,InChI=1S/C14H8Cl4/c15-11-5-1-9(2-6-11)13(14(17)18)10-3-7-12(16)8-4-10/h1-8H,UCNVFOCBFJOQAL-UHFFFAOYSA-N,9.68,100025,<rdkit.Chem.rdchem.Mol object at 0x2b78da3e1b20>,ClC(Cl)=C(c1ccc(Cl)cc1)c1ccc(Cl)cc1
100029,74-87-3,74-87-3,CCl,Chloromethane,Chloromethane,chloromethane,18843,DTXSID0021541,CCl,InChI=1S/CH3Cl/c1-2/h1H3,NEHMKBQYUWJMIP-UHFFFAOYSA-N,1.39,100029,<rdkit.Chem.rdchem.Mol object at 0x2b78da3e1b80>,CCl
100033,74-96-4,74-96-4,CCBr,Bromoethane,Bromoethane,bromoethane,18847,DTXSID6020199,CCBr,"InChI=1S/C2H5Br/c1-2-3/h2H2,1H3",RDHPKYGYEGBMSE-UHFFFAOYSA-N,2.11,100033,<rdkit.Chem.rdchem.Mol object at 0x2b78da3e1be0>,CCBr
100037,75-09-2,75-09-2,ClCCl,Dichloromethane,Dichloromethane,dichloromethane,18851,DTXSID0020868,ClCCl,InChI=1S/CH2Cl2/c2-1-3/h1H2,YMWUJEATGCHHMB-UHFFFAOYSA-N,2.27,100037,<rdkit.Chem.rdchem.Mol object at 0x2b78da3e1c40>,ClCCl
100041,75-65-0,75-65-0,CC(C)(C)O,t-Butanol,tert-Butyl alcohol,2-methylpropan-2-ol,18855,DTXSID8020204,CC(C)(C)O,"InChI=1S/C4H10O/c1-4(2,3)5/h5H,1-3H3",DKGAVHZHDRPRBM-UHFFFAOYSA-N,3.5,100041,<rdkit.Chem.rdchem.Mol object at 0x2b78da3e1ca0>,CC(C)(C)O
100045,78-82-0,78-82-0,CC(C)C#N,2-Cyanopropane,2-Methylpropanenitrile,2-methylpropanenitrile,18859,DTXSID5026461,CC(C)C#N,"InChI=1S/C4H7N/c1-4(2)3-5/h4H,1-2H3",LRDFRRGEGBBSRN-UHFFFAOYSA-N,2.87,100045,<rdkit.Chem.rdchem.Mol object at 0x2b78da3e1d00>,CC(C)C#N
100049,78-93-3,78-93-3,CCC(C)=O,2-Butanone,Methyl ethyl ketone,butan-2-one,18863,DTXSID3021516,CCC(C)=O,"InChI=1S/C4H8O/c1-3-4(2)5/h3H2,1-2H3",ZWEHNKRNPOVVGH-UHFFFAOYSA-N,2.71,100049,<rdkit.Chem.rdchem.Mol object at 0x2b78da3e1d60>,CCC(C)=O
100053,79-24-3,79-24-3,CC[N+]([O-])=O,Nitroethane,Nitroethane,nitroethane,18867,DTXSID8020969,CC[N+]([O-])=O,"InChI=1S/C2H5NO2/c1-2-3(4)5/h2H2,1H3",MCSAJNNLRCFZED-UHFFFAOYSA-N,2.88,100053,<rdkit.Chem.rdchem.Mol object at 0x2b78da3e1dc0>,CC[N+](=O)[O-]
100057,87-61-6,87-61-6,Clc1c(Cl)cccc1Cl,"1,2,3-Trichlorbenzene","1,2,3-Trichlorobenzene",C6H3Cl3,18871,DTXSID8026193,Clc1c(Cl)cccc1Cl,InChI=1S/C6H3Cl3/c7-4-2-1-3-5(8)6(4)9/h1-3H,RELMFMZEBKVZJC-UHFFFAOYSA-N,5.19,100057,<rdkit.Chem.rdchem.Mol object at 0x2b78da3e1e20>,Clc1cccc(Cl)c1Cl
100061,91-58-7,91-58-7,Clc1cc2ccccc2cc1,2-Chloronaphthalene,2-Chloronaphthalene,2-chloronaphthalene,18875,DTXSID8023971,Clc1cc2ccccc2cc1,InChI=1S/C10H7Cl/c11-10-6-5-8-3-1-2-4-9(8)7-10/h1-7H,CGYGETOMCSJHJU-UHFFFAOYSA-N,5.8,100061,<rdkit.Chem.rdchem.Mol object at 0x2b78da3e1e80>,Clc1ccc2ccccc2c1
100065,95-94-3,95-94-3,Clc1cc(Cl)c(Cl)cc1Cl,"1,2,4,5-Tetrachlorobenzene","1,2,4,5-Tetrachlorobenzene","1,2,4,5-tetrachlorobenzene",18879,DTXSID7024320,Clc1cc(Cl)c(Cl)cc1Cl,InChI=1S/C6H2Cl4/c7-3-1-4(8)6(10)2-5(3)9/h1-2H,JHBKHLUZVFWLAG-UHFFFAOYSA-N,5.63,100065,<rdkit.Chem.rdchem.Mol object at 0x2b78da3e1ee0>,Clc1cc(Cl)c(Cl)cc1Cl
100069,99-96-7,99-96-7,Oc1ccc(cc1)C(O)=O,4-Hydroxybenzoic acid,4-Hydroxybenzoic acid,4-hydroxybenzoic acid,18883,DTXSID3026647,Oc1ccc(cc1)C(O)=O,"InChI=1S/C7H6O3/c8-6-3-1-5(2-4-6)7(9)10/h1-4,8H,(H,9,10)",FJKROLUGYXJWQN-UHFFFAOYSA-N,8.08,100069,<rdkit.Chem.rdchem.Mol object at 0x2b78da3e1f40>,O=C(O)c1ccc(O)cc1
100073,103-30-0,103-30-0,c1ccccc1/C=C/c1ccccc1,trans-Stilbene,trans-Stilbene,"1,1'-(E)-ethene-1,2-diyldibenzene",18887,DTXSID4026050,c1ccccc1C=Cc1ccccc1,InChI=1S/C14H12/c1-3-7-13(8-4-1)11-12-14-9-5-2-6-10-14/h1-12H/b12-11+,PJANXHGTPQOBST-VAWYXSNFSA-N,7.48,100073,<rdkit.Chem.rdchem.Mol object at 0x2b78da3e1fa0>,C(=C/c1ccccc1)\c1ccccc1
100077,106-37-6,106-37-6,Brc1ccc(Br)cc1,"1,4-Dibromobenzene","1,4-Dibromobenzene","1,4-dibromobenzene",18891,DTXSID4024012,Brc1ccc(Br)cc1,InChI=1S/C6H4Br2/c7-5-1-2-6(8)4-3-5/h1-4H,SWJPEBQEEAHIGZ-UHFFFAOYSA-N,5.21,100077,<rdkit.Chem.rdchem.Mol object at 0x2b78da3da040>,Brc1ccc(Br)cc1
100081,107-06-2,107-06-2,ClCCCl,"1,2-Dichloroethane","1,2-Dichloroethane",C2H4Cl2,18895,DTXSID6020438,ClCCCl,InChI=1S/C2H4Cl2/c3-1-2-4/h1-2H2,WSLDOOZREJYCGB-UHFFFAOYSA-N,2.78,100081,<rdkit.Chem.rdchem.Mol object at 0x2b78da3da0a0>,ClCCCl
100085,107-87-9,107-87-9,CCCC(C)=O,2-Pentanone,2-Pentanone,pentan-2-one,18899,DTXSID0021888,CCCC(C)=O,"InChI=1S/C5H10O/c1-3-4-5(2)6/h3-4H2,1-2H3",XNLICIUVMPYHGG-UHFFFAOYSA-N,3.19,100085,<rdkit.Chem.rdchem.Mol object at 0x2b78da3da100>,CCCC(C)=O
100089,108-38-3,108-38-3,Cc1cc(C)ccc1,m-Xylene,m-Xylene,C8H10,18903,DTXSID6026298,Cc1cc(C)ccc1,"InChI=1S/C8H10/c1-7-4-3-5-8(2)6-7/h3-6H,1-2H3",IVSZLXZYQVIEFR-UHFFFAOYSA-N,3.78,100089,<rdkit.Chem.rdchem.Mol object at 0x2b78da3da160>,Cc1cccc(C)c1
100093,108-90-7,108-90-7,Clc1ccccc1,Chlorobenzene,Chlorobenzene,chlorobenzene,18907,DTXSID4020298,Clc1ccccc1,InChI=1S/C6H5Cl/c7-6-4-2-1-3-5-6/h1-5H,MVPPADPHJFYWMZ-UHFFFAOYSA-N,3.31,100093,<rdkit.Chem.rdchem.Mol object at 0x2b78da3da1c0>,Clc1ccccc1
100097,109-67-1,109-67-1,CCCC=C,1-Pentene,1-Pentene,pent-1-ene,18911,DTXSID7025849,CCCC=C,"InChI=1S/C5H10/c1-3-5-4-2/h3H,1,4-5H2,2H3",YWAKXRMUMFPDSH-UHFFFAOYSA-N,1.93,100097,<rdkit.Chem.rdchem.Mol object at 0x2b78da3da220>,C=CCCC
100101,109-94-4,109-94-4,CCOC=O,Ethyl formate,Ethyl formate,ethyl formate,18915,DTXSID6040117,CCOC=O,"InChI=1S/C3H6O2/c1-2-5-3-4/h3H,2H2,1H3",WBJINCZRORDGAQ-UHFFFAOYSA-N,2.19,100101,<rdkit.Chem.rdchem.Mol object at 0x2b78da3da280>,CCOC=O
100105,110-54-3,110-54-3,CCCCCC,Hexane,Hexane,hexane,18919,DTXSID0021917,CCCCCC,"InChI=1S/C6H14/c1-3-5-6-4-2/h3-6H2,1-2H3",VLKZOEOYAKHREP-UHFFFAOYSA-N,2.4,100105,<rdkit.Chem.rdchem.Mol object at 0x2b78da3da2e0>,CCCCCC
100109,110-83-8,110-83-8,C1CCCC=C1,Cyclohexene,Cyclohexene,cyclohexene,18923,DTXSID9038717,C1CCCC=C1,"InChI=1S/C6H10/c1-2-4-6-5-3-1/h1-2H,3-6H2",HGCIXCUEYOPUTN-UHFFFAOYSA-N,2.83,100109,<rdkit.Chem.rdchem.Mol object at 0x2b78da3da340>,C1=CCCCC1
100113,111-65-9,111-65-9,CCCCCCCC,Octane,Octane,octane,18927,DTXSID0026882,CCCCCCCC,"InChI=1S/C8H18/c1-3-5-7-8-6-4-2/h3-8H2,1-2H3",TVMXDCGIABBOFY-UHFFFAOYSA-N,3.35,100113,<rdkit.Chem.rdchem.Mol object at 0x2b78da3da3a0>,CCCCCCCC
100117,115-10-6,115-10-6,COC,Dimethyl ether,Dimethyl ether,C2H6O,18931,DTXSID8026937,COC,InChI=1S/C2H6O/c1-3-2/h1-2H3,LCGLNKUTAGEVQW-UHFFFAOYSA-N,1.37,100117,<rdkit.Chem.rdchem.Mol object at 0x2b78da3da400>,COC
100121,120-92-3,120-92-3,O=C1CCCC1,Cyclopentanone,Cyclopentanone,cyclopentanone,18935,DTXSID3029154,O=C1CCCC1,InChI=1S/C5H8O/c6-5-3-1-2-4-5/h1-4H2,BGTOWKSIORTVQH-UHFFFAOYSA-N,3.67,100121,<rdkit.Chem.rdchem.Mol object at 0x2b78da3da460>,O=C1CCCC1
100125,123-51-3,123-51-3,OCCC(C)C,Isopentanol,Isopentyl alcohol,3-methylbutan-1-ol,18939,DTXSID3025469,CC(C)CCO,"InChI=1S/C5H12O/c1-5(2)3-4-6/h5-6H,3-4H2,1-2H3",PHTQWCKDNZKARW-UHFFFAOYSA-N,4.52,100125,<rdkit.Chem.rdchem.Mol object at 0x2b78da3da4c0>,CC(C)CCO
100129,123-91-1,123-91-1,O(CCOC1)C1,"1,4,-Dioxane","1,4-Dioxane","1,4-dioxane",18943,DTXSID4020533,C1COCCO1,InChI=1S/C4H8O2/c1-2-6-4-3-5-1/h1-4H2,RYHBNJHYFVUHQT-UHFFFAOYSA-N,3.18,100129,<rdkit.Chem.rdchem.Mol object at 0x2b78da3da520>,C1COCCO1
100133,124-40-3,124-40-3,CNC,Dimethylamine,Dimethylamine,N-methylmethanamine,18947,DTXSID5024057,CNC,"InChI=1S/C2H7N/c1-3-2/h3H,1-2H3",ROSDSFDQCJNGOL-UHFFFAOYSA-N,2.0,100133,<rdkit.Chem.rdchem.Mol object at 0x2b78da3da580>,CNC
100136,127-19-5,127-19-5,O=C(N(C)C)C,Dimethylacetamide,"N,N-Dimethylacetamide","N,N-dimethylacetamide",18950,DTXSID5020499,CC(=O)N(C)C,InChI=1S/C4H9NO/c1-4(6)5(2)3/h1-3H3,FXHOOIRPVKKKFG-UHFFFAOYSA-N,5.33,100136,<rdkit.Chem.rdchem.Mol object at 0x2b78da3da5e0>,CC(=O)N(C)C
100140,142-82-5,142-82-5,CCCCCCC,Heptane,Heptane,heptane,18954,DTXSID6024127,CCCCCCC,"InChI=1S/C7H16/c1-3-5-7-6-4-2/h3-7H2,1-2H3",IMNFDUFMRHMDMM-UHFFFAOYSA-N,2.95,100140,<rdkit.Chem.rdchem.Mol object at 0x2b78da3da640>,CCCCCCC
100144,156-59-2,156-59-2,Cl/C=C\Cl,"cis-1,2-Dichloroethene","(Z)-1,2-Dichloroethylene","(Z)-1,2-dichloroethene",18958,DTXSID2024030,ClC=CCl,InChI=1S/C2H2Cl2/c3-1-2-4/h1-2H/b2-1-,KFUSEUYYWQURPO-UPHRSURJSA-N,2.56,100144,<rdkit.Chem.rdchem.Mol object at 0x2b78da3da6a0>,Cl/C=C\Cl
100151,541-73-1,541-73-1,Clc1cc(Cl)ccc1,"1,3-Dichlorobenzene","1,3-Dichlorobenzene","1,3-dichlorobenzene",18965,DTXSID6022056,Clc1cc(Cl)ccc1,InChI=1S/C6H4Cl2/c7-5-2-1-3-6(8)4-5/h1-4H,ZPQOPVIELGIULI-UHFFFAOYSA-N,4.12,100151,<rdkit.Chem.rdchem.Mol object at 0x2b78da3da700>,Clc1cccc(Cl)c1
100156,608-93-5,608-93-5,Clc1c(Cl)c(Cl)cc(Cl)c1Cl,Pentachlorobenzene,Pentachlorobenzene,"1,2,3,4,5-pentachlorobenzene",18969,DTXSID7024247,Clc1c(Cl)c(Cl)cc(Cl)c1Cl,InChI=1S/C6HCl5/c7-2-1-3(8)5(10)6(11)4(2)9/h1H,CEOCDNVZRAIOQZ-UHFFFAOYSA-N,6.49,100156,<rdkit.Chem.rdchem.Mol object at 0x2b78da3da760>,Clc1cc(Cl)c(Cl)c(Cl)c1Cl
100160,629-96-9,629-96-9,CCCCCCCCCCCCCCCCCCCCO,1-Eicosanol,1-Eicosanol,icosan-1-ol,18973,DTXSID0027272,CCCCCCCCCCCCCCCCCCCCO,"InChI=1S/C20H42O/c1-2-3-4-5-6-7-8-9-10-11-12-13-14-15-16-17-18-19-20-21/h21H,2-20H2,1H3",BTFJIXJJCSYFAL-UHFFFAOYSA-N,12.06,100160,<rdkit.Chem.rdchem.Mol object at 0x2b78da3da7c0>,CCCCCCCCCCCCCCCCCCCCO
100164,789-02-6,789-02-6,Clc1ccc(cc1)C(c1ccccc1Cl)C(Cl)(Cl)Cl,"o,p'-DDT","o,p'-DDT","1-chloro-2-[2,2,2-trichloro-1-(4-chlorophenyl)ethyl]benzene",18977,DTXSID6022345,Clc1ccc(cc1)C(c1ccccc1Cl)C(Cl)(Cl)Cl,"InChI=1S/C14H9Cl5/c15-10-7-5-9(6-8-10)13(14(17,18)19)11-3-1-2-4-12(11)16/h1-8,13H",CVUGPAFCQJIYDT-UHFFFAOYSA-N,9.45,100164,<rdkit.Chem.rdchem.Mol object at 0x2b78da3da820>,Clc1ccc(C(c2ccccc2Cl)C(Cl)(Cl)Cl)cc1
100168,1825-30-5,1825-30-5,Clc1cccc2c1cccc2Cl,"1,5-Dichloronaphthalene","Naphthalene, 1,5-dichloro-","1,5-DICHLORONAPHTHALENE",18981,DTXSID1061998,Clc1cccc2c1cccc2Cl,InChI=1S/C10H6Cl2/c11-9-5-1-3-7-8(9)4-2-6-10(7)12/h1-6H,ZBQZXTBAGBTUAD-UHFFFAOYSA-N,6.65,100168,<rdkit.Chem.rdchem.Mol object at 0x2b78da3da880>,Clc1cccc2c(Cl)cccc12
100172,2050-69-3,2050-69-3,Clc1ccc2ccccc2c1Cl,"1,2-Dichloronaphthalene","Naphthalene, 1,2-dichloro-","1,2-DICHLORONAPHTHALENE",18985,DTXSID5062136,Clc1ccc2ccccc2c1Cl,InChI=1S/C10H6Cl2/c11-9-6-5-7-3-1-2-4-8(7)10(9)12/h1-6H,MOXLHAPKZWTHEX-UHFFFAOYSA-N,6.89,100172,<rdkit.Chem.rdchem.Mol object at 0x2b78da3da8e0>,Clc1ccc2ccccc2c1Cl
100176,2234-13-1,2234-13-1,Clc1c2c(c(Cl)c(Cl)c1Cl)c(Cl)c(Cl)c(Cl)c2Cl,Octachloronaphthalene,Octachloronaphthalene,octachloronaphthalene,18989,DTXSID6025800,Clc1c2c(c(Cl)c(Cl)c1Cl)c(Cl)c(Cl)c(Cl)c2Cl,InChI=1S/C10Cl8/c11-3-1-2(5(13)9(17)7(3)15)6(14)10(18)8(16)4(1)12,RTNLUFLDZOAXIC-UHFFFAOYSA-N,11.05,100176,<rdkit.Chem.rdchem.Mol object at 0x2b78da3da940>,Clc1c(Cl)c(Cl)c2c(Cl)c(Cl)c(Cl)c(Cl)c2c1Cl
100182,5436-43-1,5436-43-1,BrC1=CC(Br)=CC=C1OC2=CC=C(C=C2Br)Br,"2,2',4,4'-Tetrabromo DPE","2,2'4,4'-Tetrabromodiphenyl ether","bis(2,4-dibromophenyl) ether",18994,DTXSID3030056,Brc1cc(Br)c(cc1)Oc1ccc(Br)cc1Br,InChI=1S/C12H6Br4O/c13-7-1-3-11(9(15)5-7)17-12-4-2-8(14)6-10(12)16/h1-6H,XYBSIYMGXVUVGY-UHFFFAOYSA-N,10.53,100182,<rdkit.Chem.rdchem.Mol object at 0x2b78da3da9a0>,Brc1ccc(Oc2ccc(Br)cc2Br)c(Br)c1
100186,19408-74-3,19408-74-3,ClC(C1=C3OC2=C(C(Cl)=C(C(Cl)=C2)Cl)O1)=C(C(Cl)=C3)Cl,"1,2,3,7,8,9-HxCDD",Hexachlorodibenzo-p-dioxin,"1,2,3,7,8,9-hexachlorooxanthrene",18998,DTXSID6023781,Clc1cc2Oc3cc(Cl)c(Cl)c(Cl)c3Oc2c(Cl)c1Cl,InChI=1S/C12H2Cl6O2/c13-3-1-5-11(9(17)7(3)15)20-12-6(19-5)2-4(14)8(16)10(12)18/h1-2H,LGIRBUBHIWTVCK-UHFFFAOYSA-N,11.01,100186,<rdkit.Chem.rdchem.Mol object at 0x2b78da3daa00>,Clc1cc2c(c(Cl)c1Cl)Oc1c(cc(Cl)c(Cl)c1Cl)O2
100190,30746-58-8,30746-58-8,Clc1c(Cl)c(Cl)c2Oc3ccccc3Oc2c1Cl,"1,2,3,4-TeCDD","1,2,3,4-Tetrachlorodibenzo-p-dioxin","1,2,3,4-tetrachlorooxanthrene",19002,DTXSID7074030,Clc1c2Oc3ccccc3Oc2c(Cl)c(Cl)c1Cl,InChI=1S/C12H4Cl4O2/c13-7-8(14)10(16)12-11(9(7)15)17-5-3-1-2-4-6(5)18-12/h1-4H,DJHHDLMTUOLVHY-UHFFFAOYSA-N,9.7,100190,<rdkit.Chem.rdchem.Mol object at 0x2b78da3daa60>,Clc1c(Cl)c(Cl)c2c(c1Cl)Oc1ccccc1O2
100194,32598-13-3,32598-13-3,Clc1ccc(cc1Cl)-c1cc(Cl)c(Cl)cc1,"3,3',4,4'-PCB","3,3',4,4'-Tetrachlorobinphenyl","3,3',4,4'-tetrachlorobiphenyl",19006,DTXSID5022514,Clc1ccc(cc1Cl)-c1cc(Cl)c(Cl)cc1,InChI=1S/C12H6Cl4/c13-9-3-1-7(5-11(9)15)8-2-4-10(14)12(16)6-8/h1-6H,UQMGJOKDKOLIDP-UHFFFAOYSA-N,9.7,100194,<rdkit.Chem.rdchem.Mol object at 0x2b78da3daac0>,Clc1ccc(-c2ccc(Cl)c(Cl)c2)cc1Cl
100200,33979-03-2,33979-03-2,Clc1cc(Cl)c(-c2c(Cl)cc(Cl)cc2Cl)c(Cl)c1,"2,2',4,4',6,6'-PCB","2,2',4,4',6,6'-Hexachlorobiphenyl","2,2',4,4',6,6'-hexachlorobiphenyl",19010,DTXSID3040302,Clc1cc(Cl)c(-c2c(Cl)cc(Cl)cc2Cl)c(Cl)c1,InChI=1S/C12H4Cl6/c13-5-1-7(15)11(8(16)2-5)12-9(17)3-6(14)4-10(12)18/h1-4H,ICOAEPDGFWLUTI-UHFFFAOYSA-N,8.99,100200,<rdkit.Chem.rdchem.Mol object at 0x2b78da3dab20>,Clc1cc(Cl)c(-c2c(Cl)cc(Cl)cc2Cl)c(Cl)c1
100204,35065-29-3,35065-29-3,Clc1cc(Cl)c(Cl)cc1-c1cc(Cl)c(Cl)c(Cl)c1Cl,"2,2',3,4,4',5,5'-PCB","2,2',3,4,4',5,5'-Heptachlorobiphenyl","2,2',3,4,4',5,5'-heptachlorobiphenyl",19014,DTXSID6038299,Clc1cc(Cl)c(Cl)cc1-c1cc(Cl)c(Cl)c(Cl)c1Cl,InChI=1S/C12H3Cl7/c13-6-3-8(15)7(14)1-4(6)5-2-9(16)11(18)12(19)10(5)17/h1-3H,WBHQEUPUMONIKF-UHFFFAOYSA-N,9.88,100204,<rdkit.Chem.rdchem.Mol object at 0x2b78da3dab80>,Clc1cc(Cl)c(-c2cc(Cl)c(Cl)c(Cl)c2Cl)cc1Cl
100208,36653-82-4,36653-82-4,CCCCCCCCCCCCCCCCO,1-Hexadecanol,1-Hexadecanol,hexadecan-1-ol,19018,DTXSID4027991,CCCCCCCCCCCCCCCCO,"InChI=1S/C16H34O/c1-2-3-4-5-6-7-8-9-10-11-12-13-14-15-16-17/h17H,2-16H2,1H3",BXWNKGSJHAJOGX-UHFFFAOYSA-N,9.9,100208,<rdkit.Chem.rdchem.Mol object at 0x2b78da3dabe0>,CCCCCCCCCCCCCCCCO
100212,38380-03-9,38380-03-9,Clc1c(-c2cc(Cl)c(Cl)cc2)c(Cl)ccc1Cl,"2,3,3',4',6-PCB","2,3,3',4',6-Pentachlorobiphenyl","2,3,3',4',6-pentachlorobiphenyl",19022,DTXSID3038307,Clc1c(-c2cc(Cl)c(Cl)cc2)c(Cl)ccc1Cl,InChI=1S/C12H5Cl5/c13-7-2-1-6(5-10(7)16)11-8(14)3-4-9(15)12(11)17/h1-5H,ARXHIJMGSIYYRZ-UHFFFAOYSA-N,9.06,100212,<rdkit.Chem.rdchem.Mol object at 0x2b78da3dac40>,Clc1ccc(-c2c(Cl)ccc(Cl)c2Cl)cc1Cl
100218,39227-58-2,39227-58-2,Clc3cc(Cl)c2Oc1ccccc1Oc2c3Cl,"1,2,4-TriCDD","1,2,4-Trichlorodibenzo-1,4-dioxin","1,2,4-trichlorooxanthrene",19026,DTXSID50192489,Clc1cc(Cl)c(Cl)c2Oc3ccccc3Oc12,InChI=1S/C12H5Cl3O2/c13-6-5-7(14)11-12(10(6)15)17-9-4-2-1-3-8(9)16-11/h1-5H,HRVUKLBFRPWXPJ-UHFFFAOYSA-N,8.97,100218,<rdkit.Chem.rdchem.Mol object at 0x2b78da3daca0>,Clc1cc(Cl)c2c(c1Cl)Oc1ccccc1O2
100223,41464-39-5,41464-39-5,Clc1cc(-c2cccc(Cl)c2Cl)c(Cl)cc1,"2,2',3,5'-PCB","2,2',3,5'-tetrachlorobiphenyl","2,2',3,5'-tetrachlorobiphenyl",19031,DTXSID8038302,Clc1cc(-c2cccc(Cl)c2Cl)c(Cl)cc1,InChI=1S/C12H6Cl4/c13-7-4-5-10(14)9(6-7)8-2-1-3-11(15)12(8)16/h1-6H,ALDJIKXAHSDLLB-UHFFFAOYSA-N,8.36,100223,<rdkit.Chem.rdchem.Mol object at 0x2b78da3dad00>,Clc1ccc(Cl)c(-c2cccc(Cl)c2Cl)c1
100227,51207-31-9,51207-31-9,Clc3cc2oc1cc(Cl)c(Cl)cc1c2cc3Cl,"2,3,7,8-TCDF","2,3,7,8-Tetrachlorodibenzofuran","2,3,7,8-tetrachlorodibenzo[b,d]furan",19035,DTXSID3052147,Clc1cc2c(cc1Cl)oc1cc(Cl)c(Cl)cc21,InChI=1S/C12H4Cl4O/c13-7-1-5-6-2-8(14)10(16)4-12(6)17-11(5)3-9(7)15/h1-4H,KSMVNVHUTQZITP-UHFFFAOYSA-N,10.02,100227,<rdkit.Chem.rdchem.Mol object at 0x2b78da3dad60>,Clc1cc2oc3cc(Cl)c(Cl)cc3c2cc1Cl
100231,52663-71-5,52663-71-5,Clc1cc(Cl)c(-c2ccc(Cl)c(Cl)c2Cl)c(Cl)c1Cl,"2,2',3,3',4,4',6-PCB","2,2',3,3',4,4',6-Heptachlorobiphenyl","1,2,3,5-tetrachloro-4-(2,3,4-trichlorophenyl)benzene",19039,DTXSID4073540,Clc1cc(Cl)c(-c2ccc(Cl)c(Cl)c2Cl)c(Cl)c1Cl,InChI=1S/C12H3Cl7/c13-5-2-1-4(9(16)10(5)17)8-6(14)3-7(15)11(18)12(8)19/h1-3H,TZMHVHLTPWKZCI-UHFFFAOYSA-N,10.24,100231,<rdkit.Chem.rdchem.Mol object at 0x2b78da3dadc0>,Clc1ccc(-c2c(Cl)cc(Cl)c(Cl)c2Cl)c(Cl)c1Cl
100235,55673-89-7,55673-89-7,Clc3c(c(c(c2c3c1c(o2)cc(c(c1Cl)Cl)Cl)Cl)Cl)Cl,"1,2,3,4,7,8,9-HpCDF","1,2,3,4,7,8,9-Heptachlorodibenzofuran","1,2,3,4,7,8,9-heptachlorodibenzo[b,d]furan",19043,DTXSID9052216,Clc1cc2oc3c(c2c(Cl)c1Cl)c(Cl)c(Cl)c(Cl)c3Cl,InChI=1S/C12HCl7O/c13-2-1-3-4(7(15)6(2)14)5-8(16)9(17)10(18)11(19)12(5)20-3/h1H,VEZCTZWLJYWARH-UHFFFAOYSA-N,11.43,100235,<rdkit.Chem.rdchem.Mol object at 0x2b78da3dae20>,Clc1cc2oc3c(Cl)c(Cl)c(Cl)c(Cl)c3c2c(Cl)c1Cl
100239,57465-28-8,57465-28-8,Clc2c(cc(cc2Cl)c1ccc(c(c1)Cl)Cl)Cl,"3,3,4,4',5-PCB","3,3',4,4',5-Pentachlorobiphenyl","3,3',4,4',5-pentachlorobiphenyl",19047,DTXSID3032179,Clc1ccc(cc1Cl)-c1cc(Cl)c(Cl)c(Cl)c1,InChI=1S/C12H5Cl5/c13-8-2-1-6(3-9(8)14)7-4-10(15)12(17)11(16)5-7/h1-5H,REHONNLQRWTIFF-UHFFFAOYSA-N,10.35,100239,<rdkit.Chem.rdchem.Mol object at 0x2b78da3dae80>,Clc1ccc(-c2cc(Cl)c(Cl)c(Cl)c2)cc1Cl
100244,60851-34-5,60851-34-5,Clc1cc2c3cc(Cl)c(Cl)c(Cl)c3Oc2c(Cl)c1Cl,"2,3,4,6,7,8-HxCDF","2,3,4,6,7,8-Hexachlorodibenzo[b,d]furan","2,3,4,6,7,8-hexachlorodibenzo[b,d]furan",19051,DTXSID3052276,Clc1cc2c(oc3c2cc(Cl)c(Cl)c3Cl)c(Cl)c1Cl,InChI=1S/C12H2Cl6O/c13-5-1-3-4-2-6(14)8(16)10(18)12(4)19-11(3)9(17)7(5)15/h1-2H,XTAHLACQOVXINQ-UHFFFAOYSA-N,10.87,100244,<rdkit.Chem.rdchem.Mol object at 0x2b78da3daee0>,Clc1cc2c(oc3c(Cl)c(Cl)c(Cl)cc32)c(Cl)c1Cl
100250,72918-21-9,72918-21-9,Clc3c(c(cc2c3c1c(o2)cc(c(c1Cl)Cl)Cl)Cl)Cl,"1,2,3,7,8,9-HxCDF","1,2,3,7,8,9-Hexachlorodibenzo[b,d]furan","1,2,3,7,8,9-hexachlorodibenzo[b,d]furan",19055,DTXSID9052470,Clc1cc2oc3cc(Cl)c(Cl)c(Cl)c3c2c(Cl)c1Cl,InChI=1S/C12H2Cl6O/c13-3-1-5-7(11(17)9(3)15)8-6(19-5)2-4(14)10(16)12(8)18/h1-2H,PYUSJFJVDVSXIU-UHFFFAOYSA-N,10.93,100250,<rdkit.Chem.rdchem.Mol object at 0x2b78da3daf40>,Clc1cc2oc3cc(Cl)c(Cl)c(Cl)c3c2c(Cl)c1Cl
100254,90948-28-0,90948-28-0,Clc1cc(c2c(c(cc(c2c1Cl)Cl)Cl)Cl)Cl,"1,2,4,5,6,8-HxC-naphthalene","Naphthalene, 1,2,4,5,6,8-hexachloro-","1,2,4,5,6,8-Hexachloronaphthalene",19059,DTXSID90238330,Clc1cc(Cl)c(Cl)c2c1c(Cl)c(Cl)cc2Cl,InChI=1S/C10H2Cl6/c11-3-1-5(13)9(15)8-4(12)2-6(14)10(16)7(3)8/h1-2H,JHKLUUFTHIWTKX-UHFFFAOYSA-N,9.69,100254,<rdkit.Chem.rdchem.Mol object at 0x2b78da3dafa0>,Clc1cc(Cl)c2c(Cl)c(Cl)cc(Cl)c2c1Cl
100258,103426-97-7,103426-97-7,Clc1c(cc2c(c(c(cc2c1Cl)Cl)Cl)Cl)Cl,"1,2,3,5,6,7-HxC-naphthalene","1,2,3,5,6,7-Hexachloronaphthalene","1,2,3,5,6,7-hexachloronaphthalene",19063,DTXSID1036886,Clc1cc2c(cc(Cl)c(Cl)c2Cl)c(Cl)c1Cl,InChI=1S/C10H2Cl6/c11-5-1-3-4(8(14)9(5)15)2-6(12)10(16)7(3)13/h1-2H,XZLJCGGEQLNWDT-UHFFFAOYSA-N,9.58,100258,<rdkit.Chem.rdchem.Mol object at 0x2b78da3db040>,Clc1cc2c(Cl)c(Cl)c(Cl)cc2c(Cl)c1Cl
100272,SRC005-98-1,51570-44-6,Clc1ccc2cc(Cl)ccc2c1Cl,"1,2,6-Trichloronaphthalene","Naphthalene, 1,2,6-trichloro-","1,2,6-Trichloronaphthalene",19067,DTXSID00199524,Clc1cc2ccc(Cl)c(Cl)c2cc1,InChI=1S/C10H5Cl3/c11-7-2-3-8-6(5-7)1-4-9(12)10(8)13/h1-5H,AAUJSCRITBXDJH-UHFFFAOYSA-N,7.5,100272,<rdkit.Chem.rdchem.Mol object at 0x2b78da3db0a0>,Clc1ccc2c(Cl)c(Cl)ccc2c1
100276,SRC005-98-5,2437-54-9,c1cc(Cl)c2cc(Cl)ccc2c1Cl,"1,4,6-Trichloronaphthalene","Naphthalene, 1,4,6-trichloro-","1,4,6-Trichloronaphthalene",19071,DTXSID50179114,Clc1cc2c(cc1)c(Cl)ccc2Cl,InChI=1S/C10H5Cl3/c11-6-1-2-7-8(5-6)10(13)4-3-9(7)12/h1-5H,RLTTZFDRZKJVKJ-UHFFFAOYSA-N,7.27,100276,<rdkit.Chem.rdchem.Mol object at 0x2b78da3db100>,Clc1ccc2c(Cl)ccc(Cl)c2c1
100280,SRC005-98-9,6733-54-6,Clc1cc(Cl)c2c(Cl)cccc2c1Cl,"1,2,4,5-Tetrachloronaphthalene","Naphthalene, 1,2,4,5-tetrachloro-","1,2,4,5-Tetrachloronaphthalene",19075,DTXSID90217680,Clc1cc(Cl)c2c(cccc2Cl)c1Cl,InChI=1S/C10H4Cl4/c11-6-3-1-2-5-9(6)7(12)4-8(13)10(5)14/h1-4H,BIVDISPRSYAHQQ-UHFFFAOYSA-N,8.58,100280,<rdkit.Chem.rdchem.Mol object at 0x2b78da3db160>,Clc1cc(Cl)c2c(Cl)cccc2c1Cl
100284,SRC005-99-3,149864-81-3,Clc1c(Cl)cc2cccc(Cl)c2c1Cl,"1,2,3,8-Tetrachloronaphthalene","1,2,3,8-tetrachloronaphthalene",C10H4Cl4,19079,DTXSID60335269,Clc1cc2cccc(Cl)c2c(Cl)c1Cl,InChI=1S/C10H4Cl4/c11-6-3-1-2-5-4-7(12)9(13)10(14)8(5)6/h1-4H,UVMHXYSILPJXPK-UHFFFAOYSA-N,8.65,100284,<rdkit.Chem.rdchem.Mol object at 0x2b78da3db1c0>,Clc1cc2cccc(Cl)c2c(Cl)c1Cl
100288,SRC005-99-7,34588-40-4,Clc1c(Cl)cc2cc(Cl)c(Cl)cc2c1,"2,3,6,7-Tetrachloronaphthalene","Naphthalene, 2,3,6,7-tetrachloro-","2,3,6,7-Tetrachloronaphthalene",19083,DTXSID50188145,Clc1cc2cc(Cl)c(Cl)cc2cc1Cl,InChI=1S/C10H4Cl4/c11-7-1-5-2-9(13)10(14)4-6(5)3-8(7)12/h1-4H,XTTLUUBHRXWFSZ-UHFFFAOYSA-N,8.45,100288,<rdkit.Chem.rdchem.Mol object at 0x2b78da3db220>,Clc1cc2cc(Cl)c(Cl)cc2cc1Cl
100292,SRC006-00-1,189084-59-1,c1ccccc1Oc2cc(Br)c(Br)cc2,"3,4-Dibromodiphenyl ether","3,4-Dibromodiphenyl ether",C12H8Br2O,19087,DTXSID40477015,Brc1ccc(cc1Br)Oc1ccccc1,InChI=1S/C12H8Br2O/c13-11-7-6-10(8-12(11)14)15-9-4-2-1-3-5-9/h1-8H,SUUJFDKVPDCZQZ-UHFFFAOYSA-N,8.55,100292,<rdkit.Chem.rdchem.Mol object at 0x2b78da3db280>,Brc1ccc(Oc2ccccc2)cc1Br
100294,SRC006-00-3,147217-71-8,c1cc(Br)ccc1Oc2c(Br)cccc2,"2,4'-Dibromodiphenyl ether",PUBCHEM_15738106,C12H8Br2O,19089,DTXSID50577712,Brc1ccc(cc1)Oc1ccccc1Br,InChI=1S/C12H8Br2O/c13-9-5-7-10(8-6-9)15-12-4-2-1-3-11(12)14/h1-8H,RJQLQJZMLISKRJ-UHFFFAOYSA-N,8.47,100294,<rdkit.Chem.rdchem.Mol object at 0x2b78da3db2e0>,Brc1ccc(Oc2ccccc2Br)cc1
