ChemID,source_casrn,CAS,SMILES,NAME,preferred_name,iupac,MPID,dsstox_substance_id,Canonical_QSARr,InChI_Code_QSARr,InChI Key_QSARr,LogHalfLife,ID,mol,isosmiles
100004,71-43-2,71-43-2,c1ccccc1,Benzene,Benzene,benzene,155,DTXSID3039242,c1ccccc1,InChI=1S/C6H6/c1-2-4-6-5-3-1/h1-6H,UHOVQNZJYSORNB-UHFFFAOYSA-N,0.7782,100004,<rdkit.Chem.rdchem.Mol object at 0x7f40c87dea00>,c1ccccc1
100008,86-73-7,86-73-7,C1c2ccccc2-c2ccccc21,Fluorene,Fluorene,9H-fluorene,159,DTXSID8024105,C1c2ccccc2-c2ccccc21,"InChI=1S/C13H10/c1-3-7-12-10(5-1)9-11-6-2-4-8-13(11)12/h1-8H,9H2",NIHNNTQXNPWCJQ-UHFFFAOYSA-N,1.6435,100008,<rdkit.Chem.rdchem.Mol object at 0x7f40c87dad60>,c1ccc2c(c1)Cc1ccccc1-2
100012,92-52-4,92-52-4,c1ccccc1-c1ccccc1,Biphenyl,Biphenyl,biphenyl,163,DTXSID4020161,c1ccccc1-c1ccccc1,InChI=1S/C12H10/c1-3-7-11(8-4-1)12-9-5-2-6-10-12/h1-10H,ZUOUZKKEUPVFJK-UHFFFAOYSA-N,1.4914,100012,<rdkit.Chem.rdchem.Mol object at 0x7f40c87da040>,c1ccc(-c2ccccc2)cc1
100016,95-63-6,95-63-6,Cc1cc(C)c(C)cc1,"1,2,4-Trimethylbenzene","1,2,4-Trimethylbenzene","1,2,4-trimethylbenzene",167,DTXSID6021402,Cc1cc(C)c(C)cc1,"InChI=1S/C9H12/c1-7-4-5-8(2)9(3)6-7/h4-6H,1-3H3",GWHJZXXIDMPWGX-UHFFFAOYSA-N,0.6021,100016,<rdkit.Chem.rdchem.Mol object at 0x7f40c87da640>,Cc1ccc(C)c(C)c1
100020,100-41-4,100-41-4,CCc1ccccc1,Ethylbenzene,Ethylbenzene,C8H10,171,DTXSID3020596,CCc1ccccc1,"InChI=1S/C8H10/c1-2-8-6-4-3-5-7-8/h3-7H,2H2,1H3",YNQLUTRBYVCPMQ-UHFFFAOYSA-N,0.9031,100020,<rdkit.Chem.rdchem.Mol object at 0x7f40c87daca0>,CCc1ccccc1
100024,108-38-3,108-38-3,Cc1cc(C)ccc1,m-Xylene,m-Xylene,C8H10,175,DTXSID6026298,Cc1cc(C)ccc1,"InChI=1S/C8H10/c1-7-4-3-5-8(2)6-7/h3-6H,1-2H3",IVSZLXZYQVIEFR-UHFFFAOYSA-N,1.0,100024,<rdkit.Chem.rdchem.Mol object at 0x7f40c8cea4c0>,Cc1cccc(C)c1
100028,109-66-0,109-66-0,CCCCC,n-Pentane,Pentane,C5H12,179,DTXSID2025846,CCCCC,"InChI=1S/C5H12/c1-3-5-4-2/h3-5H2,1-2H3",OFBQJSOFQDEBGM-UHFFFAOYSA-N,0.699,100028,<rdkit.Chem.rdchem.Mol object at 0x7f40c87d3160>,CCCCC
100032,111-65-9,111-65-9,CCCCCCCC,n-Octane,Octane,octane,183,DTXSID0026882,CCCCCCCC,"InChI=1S/C8H18/c1-3-5-7-8-6-4-2/h3-8H2,1-2H3",TVMXDCGIABBOFY-UHFFFAOYSA-N,0.9542,100032,<rdkit.Chem.rdchem.Mol object at 0x7f40c87d3220>,CCCCCCCC
100036,119-64-2,119-64-2,C1CCCc2ccccc21,Tetralin,Tetralin,"1,2,3,4-tetrahydronaphthalene",187,DTXSID1026118,C1CCCc2ccccc21,"InChI=1S/C10H12/c1-2-6-10-8-4-3-7-9(10)5-1/h1-2,5-6H,3-4,7-8H2",CXWXQJXEFPUFDZ-UHFFFAOYSA-N,0.9031,100036,<rdkit.Chem.rdchem.Mol object at 0x7f40c843e3a0>,c1ccc2c(c1)CCCC2
100040,132-65-0,132-65-0,c1cccc2[s]c3ccccc3c21,Dibenzothiophene,Dibenzothiophene,"dibenzo[b,d]thiophene",191,DTXSID0047741,c1cccc2[s]c3ccccc3c21,InChI=1S/C12H8S/c1-3-7-11-9(5-1)10-6-2-4-8-12(10)13-11/h1-8H,IYYZUPMFVPLQIF-UHFFFAOYSA-N,1.5563,100040,<rdkit.Chem.rdchem.Mol object at 0x7f40c843e400>,c1ccc2c(c1)sc1ccccc12
100044,191-07-1,191-07-1,c1cc2ccc3ccc4ccc5ccc6ccc1c1c6c5c4c3c21,Coronene,Coronene,coronene,195,DTXSID5047740,c1cc2ccc3ccc4ccc5ccc6ccc1c1c6c5c4c3c21,InChI=1S/C24H12/c1-2-14-5-6-16-9-11-18-12-10-17-8-7-15-4-3-13(1)19-20(14)22(16)24(18)23(17)21(15)19/h1-12H,VPUGDVKSAQVFFS-UHFFFAOYSA-N,2.8651,100044,<rdkit.Chem.rdchem.Mol object at 0x7f40c843e4c0>,c1cc2ccc3ccc4ccc5ccc6ccc1c1c2c3c4c5c61
100048,198-55-0,198-55-0,c1ccc2c3c(cccc31)c1cccc3cccc2c31,Perylene,Perylene,perylene,199,DTXSID4047753,c1ccc2c3c(cccc31)c1cccc3cccc2c31,InChI=1S/C20H12/c1-5-13-6-2-11-17-18-12-4-8-14-7-3-10-16(20(14)18)15(9-1)19(13)17/h1-12H,CSHWQDPOILHKBI-UHFFFAOYSA-N,2.9533,100048,<rdkit.Chem.rdchem.Mol object at 0x7f40c843e760>,c1cc2cccc3c4cccc5cccc(c(c1)c23)c54
100052,206-44-0,206-44-0,c1ccc2c3c(cccc31)-c1ccccc1-2,Fluoranthene,Fluoranthene,fluoranthene,203,DTXSID3024104,c1ccc2c3c(cccc31)-c1ccccc1-2,InChI=1S/C16H10/c1-2-8-13-12(7-1)14-9-3-5-11-6-4-10-15(13)16(11)14/h1-10H,GVEPBJHOBDJJJI-UHFFFAOYSA-N,2.1673,100052,<rdkit.Chem.rdchem.Mol object at 0x7f40c843e460>,c1ccc2c(c1)-c1cccc3cccc-2c13
100056,218-01-9,218-01-9,c1cc2c3ccccc3ccc2c2ccccc21,Chrysene,Chrysene,chrysene,207,DTXSID0022432,c1cc2c3ccccc3ccc2c2ccccc21,InChI=1S/C18H12/c1-3-7-15-13(5-1)9-11-18-16-8-4-2-6-14(16)10-12-17(15)18/h1-12H,WDECIBYCCFPHNR-UHFFFAOYSA-N,2.5775,100056,<rdkit.Chem.rdchem.Mol object at 0x7f40c843ea00>,c1ccc2c(c1)ccc1c3ccccc3ccc21
100060,464-06-2,464-06-2,CC(C)C(C)(C)C,"2,2,3-Trimethylbutane","2,2,3-Trimethylbutane","2,2,3-Trimethylbutane",211,DTXSID7060047,CC(C)C(C)(C)C,"InChI=1S/C7H16/c1-6(2)7(3,4)5/h6H,1-5H3",ZISSAWUMDACLOM-UHFFFAOYSA-N,0.7782,100060,<rdkit.Chem.rdchem.Mol object at 0x7f40c843e520>,CC(C)C(C)(C)C
100064,527-53-7,527-53-7,Cc1cc(C)c(C)c(C)c1,"1,2,3,5-Tetramethylbenzene","1,2,3,5-Tetramethylbenzene","1,2,3,5-tetramethylbenzene",215,DTXSID6026119,Cc1cc(C)c(C)c(C)c1,"InChI=1S/C10H14/c1-7-5-8(2)10(4)9(3)6-7/h5-6H,1-4H3",BFIMMTCNYPIMRN-UHFFFAOYSA-N,0.4771,100064,<rdkit.Chem.rdchem.Mol object at 0x7f40c843eb20>,Cc1cc(C)c(C)c(C)c1
100068,544-85-4,544-85-4,CCCCCCCCCCCCCCCCCCCCCCCCCCCCCCCC,n-Dotriacontane,Dotriacontane,dotriacontane,219,DTXSID5052202,CCCCCCCCCCCCCCCCCCCCCCCCCCCCCCCC,"InChI=1S/C32H66/c1-3-5-7-9-11-13-15-17-19-21-23-25-27-29-31-32-30-28-26-24-22-20-18-16-14-12-10-8-6-4-2/h3-32H2,1-2H3",QHMGJGNTMQDRQA-UHFFFAOYSA-N,2.4533,100068,<rdkit.Chem.rdchem.Mol object at 0x7f40c843e8e0>,CCCCCCCCCCCCCCCCCCCCCCCCCCCCCCCC
100072,564-02-3,40824-48-4,CC(C)(C)C(C)CC,"2,2,3-Trimethylpentane",PUBCHEM_22810197,C8H18,223,DTXSID80628408,CCC(C)C(C)(C)C,"InChI=1S/C8H18/c1-6-7(2)8(3,4)5/h7H,6H2,1-5H3",XTDQDBVBDLYELW-UHFFFAOYSA-N,0.8451,100072,<rdkit.Chem.rdchem.Mol object at 0x7f40c843eac0>,CCC(C)C(C)(C)C
100076,581-40-8,581-40-8,Cc1cc2ccccc2cc1C,"2,3-Dimethylnaphthalene","2,3-Dimethylnaphthalene","2,3-Dimethylnaphthalene",227,DTXSID2060383,Cc1cc2ccccc2cc1C,"InChI=1S/C12H12/c1-9-7-11-5-3-4-6-12(11)8-10(9)2/h3-8H,1-2H3",WWGUMAYGTYQSGA-UHFFFAOYSA-N,1.1761,100076,<rdkit.Chem.rdchem.Mol object at 0x7f40c843e640>,Cc1cc2ccccc2cc1C
100079,584-94-1,NOCAS_862240,CC(C)C(C)CCC,"2,3-Dimethylhexane",,,230,DTXSID40862240,CC(C)C(C)CCC,"InChI=1S/C8H18/c1-5-6-8(4)7(2)3/h7-8H,5-6H2,1-4H3",JXPOLSKBTUYKJB-UHFFFAOYSA-N,1.415,100079,<rdkit.Chem.rdchem.Mol object at 0x7f40c843eb80>,CCCC(C)C(C)C
100083,589-81-1,NOCAS_862250,C(CCCC)(CC)C,3-Methylheptane,,,234,DTXSID90862250,CCCCC(C)CC,"InChI=1S/C8H18/c1-4-6-7-8(3)5-2/h8H,4-7H2,1-3H3",LAIUFBWHERIJIH-UHFFFAOYSA-N,0.4771,100083,<rdkit.Chem.rdchem.Mol object at 0x7f40c843ebe0>,CCCCC(C)CC
100087,592-13-2,592-13-2,CC(C)CCC(C)C,"2,5-Dimethylhexane","2,5-Dimethylhexane","2,5-Dimethylhexane",238,DTXSID4073201,CC(C)CCC(C)C,"InChI=1S/C8H18/c1-7(2)5-6-8(3)4/h7-8H,5-6H2,1-4H3",UWNADWZGEHDQAB-UHFFFAOYSA-N,1.3979,100087,<rdkit.Chem.rdchem.Mol object at 0x7f40c843ec40>,CC(C)CCC(C)C
100091,609-26-7,68333-81-3,CC(C)C(CC)CC,2-Methyl-3-ethylpentane,"Alkanes, C4-12",3-ethyl-2-methylpentane,242,DTXSID5029429,CC(C)C(CC)CC,"InChI=1S/C8H18/c1-5-8(6-2)7(3)4/h7-8H,5-6H2,1-4H3",DUPUVYJQZSLSJB-UHFFFAOYSA-N,0.7782,100091,<rdkit.Chem.rdchem.Mol object at 0x7f40c843eca0>,CCC(CC)C(C)C
100095,620-14-4,620-14-4,Cc1cccc(CC)c1,1-Methyl-3-ethylbenzene,3-Ethyltoluene,1-ethyl-3-methylbenzene,246,DTXSID6050386,Cc1cccc(CC)c1,"InChI=1S/C9H12/c1-3-9-6-4-5-8(2)7-9/h4-7H,3H2,1-2H3",ZLCSFXXPPANWQY-UHFFFAOYSA-N,0.4771,100095,<rdkit.Chem.rdchem.Mol object at 0x7f40c843ed00>,CCc1cccc(C)c1
100099,629-62-9,629-62-9,CCCCCCCCCCCCCCC,n-Pentadecane,Pentadecane,pentadecane,250,DTXSID6027268,CCCCCCCCCCCCCCC,"InChI=1S/C15H32/c1-3-5-7-9-11-13-15-14-12-10-8-6-4-2/h3-15H2,1-2H3",YCOZIPAWZNQLMR-UHFFFAOYSA-N,1.415,100099,<rdkit.Chem.rdchem.Mol object at 0x7f40c843ed60>,CCCCCCCCCCCCCCC
100103,629-97-0,629-97-0,CCCCCCCCCCCCCCCCCCCCCC,n-Docosane,Docosane,docosane,254,DTXSID7047063,CCCCCCCCCCCCCCCCCCCCCC,"InChI=1S/C22H46/c1-3-5-7-9-11-13-15-17-19-21-22-20-18-16-14-12-10-8-6-4-2/h3-22H2,1-2H3",HOWGUJZVBDQJKV-UHFFFAOYSA-N,2.0969,100103,<rdkit.Chem.rdchem.Mol object at 0x7f40c843edc0>,CCCCCCCCCCCCCCCCCCCCCC
100107,630-03-5,630-03-5,CCCCCCCCCCCCCCCCCCCCCCCCCCCCC,n-Nonacosane,Nonacosane,Nonacosane,258,DTXSID2060884,CCCCCCCCCCCCCCCCCCCCCCCCCCCCC,"InChI=1S/C29H60/c1-3-5-7-9-11-13-15-17-19-21-23-25-27-29-28-26-24-22-20-18-16-14-12-10-8-6-4-2/h3-29H2,1-2H3",IGGUPRCHHJZPBS-UHFFFAOYSA-N,2.0,100107,<rdkit.Chem.rdchem.Mol object at 0x7f40c843ee20>,CCCCCCCCCCCCCCCCCCCCCCCCCCCCC
100112,638-68-6,638-68-6,CCCCCCCCCCCCCCCCCCCCCCCCCCCCCC,n-Triacontane,Triacontane,TRIACONTANE,262,DTXSID0060935,CCCCCCCCCCCCCCCCCCCCCCCCCCCCCC,"InChI=1S/C30H62/c1-3-5-7-9-11-13-15-17-19-21-23-25-27-29-30-28-26-24-22-20-18-16-14-12-10-8-6-4-2/h3-30H2,1-2H3",JXTPJDDICSTXJX-UHFFFAOYSA-N,2.243,100112,<rdkit.Chem.rdchem.Mol object at 0x7f40c843ee80>,CCCCCCCCCCCCCCCCCCCCCCCCCCCCCC
100116,779-02-2,779-02-2,Cc1c2ccccc2cc2ccccc21,9-Methylanthracene,9-Methylanthracene,9-METHYLANTHRACENE,266,DTXSID3061134,Cc1c2ccccc2cc2ccccc21,"InChI=1S/C15H12/c1-11-14-8-4-2-6-12(14)10-13-7-3-5-9-15(11)13/h2-10H,1H3",CPGPAVAKSZHMBP-UHFFFAOYSA-N,2.415,100116,<rdkit.Chem.rdchem.Mol object at 0x7f40c843eee0>,Cc1c2ccccc2cc2ccccc12
100120,874-41-9,874-41-9,CCc1ccc(C)cc1C,"1,3-Dimethyl-4-ethylbenzene","1,3-Dimethyl-4-ethylbenzene","1-Ethyl-2,4-dimethylbenzene",270,DTXSID0061246,CCc1ccc(C)cc1C,"InChI=1S/C10H14/c1-4-10-6-5-8(2)7-9(10)3/h5-7H,4H2,1-3H3",MEMBJMDZWKVOTB-UHFFFAOYSA-N,0.6021,100120,<rdkit.Chem.rdchem.Mol object at 0x7f40c843ef40>,CCc1ccc(C)cc1C
100124,1069-53-0,NOCAS_870833,CC(C)C(C)CC(C)C,"2,3,5-Trimethylhexane",,,274,DTXSID70870833,CC(C)C(C)CC(C)C,"InChI=1S/C9H20/c1-7(2)6-9(5)8(3)4/h7-9H,6H2,1-5H3",ODGLTLJZCVNPBU-UHFFFAOYSA-N,0.9031,100124,<rdkit.Chem.rdchem.Mol object at 0x7f40c843efa0>,CC(C)CC(C)C(C)C
100130,1638-26-2,1638-26-2,CC1(C)CCCC1,"1,1-Dimethylcyclopentane","1,1-Dimethylcyclopentane","1,1-Dimethylcyclopentane",279,DTXSID00167662,CC1(C)CCCC1,"InChI=1S/C7H14/c1-7(2)5-3-4-6-7/h3-6H2,1-2H3",QWHNJUXXYKPLQM-UHFFFAOYSA-N,1.2788,100130,<rdkit.Chem.rdchem.Mol object at 0x7f40c8434040>,CC1(C)CCCC1
100134,1921-70-6,1921-70-6,C(CCCC(CCCC(CCCC(C)C)C)C)(C)C,Pristane,,,283,DTXSID70870919,CC(C)CCCC(C)CCCC(C)CCCC(C)C,"InChI=1S/C19H40/c1-16(2)10-7-12-18(5)14-9-15-19(6)13-8-11-17(3)4/h16-19H,7-15H2,1-6H3",XOJVVFBFDXDTEG-UHFFFAOYSA-N,1.6232,100134,<rdkit.Chem.rdchem.Mol object at 0x7f40c84340a0>,CC(C)CCCC(C)CCCC(C)CCCC(C)C
100138,2216-33-3,2216-33-3,CCC(C)CCCCC,3-Methyloctane,,,287,DTXSID30862875,CCCCCC(C)CC,"InChI=1S/C9H20/c1-4-6-7-8-9(3)5-2/h9H,4-8H2,1-3H3",SEEOMASXHIJCDV-UHFFFAOYSA-N,0.699,100138,<rdkit.Chem.rdchem.Mol object at 0x7f40c8434100>,CCCCCC(C)CC
100142,2381-21-7,2381-21-7,Cc1ccc2ccc3cccc4ccc1c2c34,Methylpyrene,1-Methylpyrene,1-methylpyrene,291,DTXSID0025654,Cc1ccc2ccc3cccc4ccc1c2c34,"InChI=1S/C17H12/c1-11-5-6-14-8-7-12-3-2-4-13-9-10-15(11)17(14)16(12)13/h2-10H,1H3",KBSPJIWZDWBDGM-UHFFFAOYSA-N,1.9638,100142,<rdkit.Chem.rdchem.Mol object at 0x7f40c8434160>,Cc1ccc2ccc3cccc4ccc1c2c34
100146,2825-82-3,2825-82-3,C(C(C(C1C2)CC3)C3)(C1)C2,exo-Tetrahydrodi(cyclopentadiene),"Octahydro-exo-4,7-methano-1H-indene",C10H16,295,DTXSID2029244,C1C2CCC1C1CCCC21,"InChI=1S/C10H16/c1-2-9-7-4-5-8(6-7)10(9)3-1/h7-10H,1-6H2",LPSXSORODABQKT-UHFFFAOYSA-N,3.0,100146,<rdkit.Chem.rdchem.Mol object at 0x7f40c84341c0>,C1CC2C3CCC(C3)C2C1
100153,15869-89-3,NOCAS_871244,CCCC(C)CCC(C)C,"2,5-Dimethyloctane",,,299,DTXSID70871244,CC(C)CCC(C)CCC,"InChI=1S/C10H22/c1-5-6-10(4)8-7-9(2)3/h9-10H,5-8H2,1-4H3",HOAAQUNESXYFDT-UHFFFAOYSA-N,0.301,100153,<rdkit.Chem.rdchem.Mol object at 0x7f40c8434220>,CCCC(C)CCC(C)C
100159,28804-88-8,28804-88-8,Cc1c(ccc2c1cccc2)C,Dimethylnaphthalene,"1,2-Dimethylnapthalene","1,2-dimethylnaphthalene",301,DTXSID7025130,Cc1ccc2ccccc2c1C,"InChI=1S/C12H12/c1-9-7-8-11-5-3-4-6-12(11)10(9)2/h3-8H,1-2H3",QNLZIZAQLLYXTC-UHFFFAOYSA-N,1.1761,100159,<rdkit.Chem.rdchem.Mol object at 0x7f40c8434280>,Cc1ccc2ccccc2c1C
100001,50-32-8,50-32-8,c1c2ccccc2c2ccc3cccc4ccc1c2c34,Benzo(a)pyrene,Benzo(a)pyrene,benzo[pqr]tetraphene,152,DTXSID2020139,c1c2ccccc2c2ccc3cccc4ccc1c2c34,InChI=1S/C20H12/c1-2-7-17-15(4-1)12-16-9-8-13-5-3-6-14-10-11-18(17)20(16)19(13)14/h1-12H,FMMWHPNWAFZXNH-UHFFFAOYSA-N,2.3502,100001,<rdkit.Chem.rdchem.Mol object at 0x7f40c84342e0>,c1ccc2c(c1)cc1ccc3cccc4ccc2c1c34
100002,53-70-3,53-70-3,c1c2c3ccccc3ccc2cc2c3ccccc3ccc21,"Dibenz(a,h)anthracene","Dibenz(a,h)anthracene",benzo[k]tetraphene,153,DTXSID9020409,c1c2c3ccccc3ccc2cc2c3ccccc3ccc21,InChI=1S/C22H14/c1-3-7-19-15(5-1)9-11-17-14-22-18(13-21(17)19)12-10-16-6-2-4-8-20(16)22/h1-14H,LHRCREOYAASXPZ-UHFFFAOYSA-N,2.6232,100002,<rdkit.Chem.rdchem.Mol object at 0x7f40c8434340>,c1ccc2c(c1)ccc1cc3c(ccc4ccccc43)cc12
100003,56-55-3,56-55-3,c1c2c3ccccc3ccc2cc2ccccc21,Benzo(a)anthracene,Benz(a)anthracene,tetraphene,154,DTXSID5023902,c1c2c3ccccc3ccc2cc2ccccc21,InChI=1S/C18H12/c1-2-7-15-12-18-16(11-14(15)6-1)10-9-13-5-3-4-8-17(13)18/h1-12H,DXBHBZVCASKNBY-UHFFFAOYSA-N,2.4564,100003,<rdkit.Chem.rdchem.Mol object at 0x7f40c84343a0>,c1ccc2cc3c(ccc4ccccc43)cc2c1
100005,75-83-2,75-83-2,CCC(C)(C)C,"2,2-Dimethylbutane","2,2-Dimethylbutane","2,2-dimethylbutane",156,DTXSID4025111,CCC(C)(C)C,"InChI=1S/C6H14/c1-5-6(2,3)4/h5H2,1-4H3",HNRMPXKDFBEGFZ-UHFFFAOYSA-N,1.2788,100005,<rdkit.Chem.rdchem.Mol object at 0x7f40c8434400>,CCC(C)(C)C
100006,83-32-9,83-32-9,C1Cc2cccc3cccc1c23,Acenaphthene,Acenaphthene,"1,2-dihydroacenaphthylene",157,DTXSID3021774,C1Cc2cccc3cccc1c23,"InChI=1S/C12H10/c1-3-9-4-2-6-11-8-7-10(5-1)12(9)11/h1-6H,7-8H2",CWRYPZZKDGJXCA-UHFFFAOYSA-N,1.5911,100006,<rdkit.Chem.rdchem.Mol object at 0x7f40c8434460>,c1cc2c3c(cccc3c1)CC2
100007,85-01-8,85-01-8,c1cc2ccccc2c2ccccc21,Phenanthrene,Phenanthrene,phenanthrenato,158,DTXSID6024254,c1cc2ccccc2c2ccccc21,InChI=1S/C14H10/c1-3-7-13-11(5-1)9-10-12-6-2-4-8-14(12)13/h1-10H,YNPNZTXNASCQKK-UHFFFAOYSA-N,1.6232,100007,<rdkit.Chem.rdchem.Mol object at 0x7f40c84344c0>,c1ccc2c(c1)ccc1ccccc12
100009,90-12-0|1321-94-4,90-12-0|1321-94-4,Cc1cccc2ccccc21,"1-Methylnaphthalene, Methylnaphthalene",1-Methylnaphthalene,1-methylnaphthalene,160|278,DTXSID9020877|DTXSID3025625,Cc1cccc2ccccc21,"InChI=1S/C11H10/c1-9-5-4-7-10-6-2-3-8-11(9)10/h2-8H,1H3",QPUYECUOLPXSFR-UHFFFAOYSA-N,0.96215,100009,<rdkit.Chem.rdchem.Mol object at 0x7f40c8434520>,Cc1cccc2ccccc12
100010,91-20-3,91-20-3,c1cccc2ccccc21,Naphthalene,Naphthalene,naphthalene,161,DTXSID8020913,c1cccc2ccccc21,InChI=1S/C10H8/c1-2-6-10-8-4-3-7-9(10)5-1/h1-8H,UFWIBTONFRDIAS-UHFFFAOYSA-N,0.4771,100010,<rdkit.Chem.rdchem.Mol object at 0x7f40c8434580>,c1ccc2ccccc2c1
100011,91-57-6,91-57-6,Cc1cc2ccccc2cc1,2-Methylnaphthalene,2-Methylnaphthalene,2-methylnaphthalene,162,DTXSID4020878,Cc1cc2ccccc2cc1,"InChI=1S/C11H10/c1-9-6-7-10-4-2-3-5-11(10)8-9/h2-8H,1H3",QIMMUPPBPVKWKM-UHFFFAOYSA-N,1.1461,100011,<rdkit.Chem.rdchem.Mol object at 0x7f40c84345e0>,Cc1ccc2ccccc2c1
100013,95-13-6,95-13-6,C1C=Cc2ccccc21,Indene,Indene,1H-indene,164,DTXSID8042052,C1C=Cc2ccccc21,"InChI=1S/C9H8/c1-2-5-9-7-3-6-8(9)4-1/h1-6H,7H2",YBYIRNPNPLQARY-UHFFFAOYSA-N,0.4771,100013,<rdkit.Chem.rdchem.Mol object at 0x7f40c8434640>,C1=Cc2ccccc2C1
100014,95-15-8,95-15-8,s(c(c(c1)ccc2)c2)c1,"2,3-Benzothiophene",Benzothiophene,1-benzothiophene,165,DTXSID2052736,c1cccc2[s]ccc21,InChI=1S/C8H6S/c1-2-4-8-7(3-1)5-6-9-8/h1-6H,FCEHBMOGCRZNNI-UHFFFAOYSA-N,1.3979,100014,<rdkit.Chem.rdchem.Mol object at 0x7f40c84346a0>,c1ccc2sccc2c1
100015,95-47-6,95-47-6,Cc1ccccc1C,o-Xylene,o-Xylene,C8H10,166,DTXSID3021807,Cc1ccccc1C,"InChI=1S/C8H10/c1-7-5-3-4-6-8(7)2/h3-6H,1-2H3",CTQNGGLPUBDAKN-UHFFFAOYSA-N,0.7782,100015,<rdkit.Chem.rdchem.Mol object at 0x7f40c8434700>,Cc1ccccc1C
100017,95-93-2,95-93-2,Cc1cc(C)c(C)cc1C,"1,2,4,5-Tetramethylbenzene","1,2,4,5-Tetramethylbenzene","1,2,4,5-tetramethylbenzene",168,DTXSID1029124,Cc1cc(C)c(C)cc1C,"InChI=1S/C10H14/c1-7-5-9(3)10(4)6-8(7)2/h5-6H,1-4H3",SQNZJJAZBFDUTD-UHFFFAOYSA-N,0.8451,100017,<rdkit.Chem.rdchem.Mol object at 0x7f40c8434760>,Cc1cc(C)c(C)cc1C
100018,96-37-7,96-37-7,CC1CCCC1,Methylcyclopentane,Methylcyclopentane,methylcyclopentane,169,DTXSID3025590,CC1CCCC1,"InChI=1S/C6H12/c1-6-4-2-3-5-6/h6H,2-5H2,1H3",GDOPTJXRTPNYNR-UHFFFAOYSA-N,0.6021,100018,<rdkit.Chem.rdchem.Mol object at 0x7f40c84347c0>,CC1CCCC1
100019,98-82-8,98-82-8,CC(C)c1ccccc1,Isopropylbenzene,Cumene,propan-2-ylbenzene,170,DTXSID1021827,CC(C)c1ccccc1,"InChI=1S/C9H12/c1-8(2)9-6-4-3-5-7-9/h3-8H,1-2H3",RWGFKTVRMDUZSP-UHFFFAOYSA-N,1.1761,100019,<rdkit.Chem.rdchem.Mol object at 0x7f40c8434820>,CC(C)c1ccccc1
100021,103-65-1,103-65-1,CCCc1ccccc1,n-Propylbenzene,Propylbenzene,propylbenzene,172,DTXSID3042219,CCCc1ccccc1,"InChI=1S/C9H12/c1-2-6-9-7-4-3-5-8-9/h3-5,7-8H,2,6H2,1H3",ODLMAHJVESYWTB-UHFFFAOYSA-N,0.6021,100021,<rdkit.Chem.rdchem.Mol object at 0x7f40c8434880>,CCCc1ccccc1
100022,106-42-3,106-42-3,Cc1ccc(C)cc1,p-Xylene,p-Xylene,"1,4-dimethylbenzene",173,DTXSID2021868,Cc1ccc(C)cc1,"InChI=1S/C8H10/c1-7-3-5-8(2)6-4-7/h3-6H,1-2H3",URLKBWYHVLBVBO-UHFFFAOYSA-N,0.9542,100022,<rdkit.Chem.rdchem.Mol object at 0x7f40c84348e0>,Cc1ccc(C)cc1
100023,108-08-7,108-08-7,CC(C)CC(C)C,"2,4-Dimethylpentane","2,4-Dimethylpentane","2,4-Dimethylpentane",174,DTXSID2059358,CC(C)CC(C)C,"InChI=1S/C7H16/c1-6(2)5-7(3)4/h6-7H,5H2,1-4H3",BZHMBWZPUJHVEE-UHFFFAOYSA-N,1.6812,100023,<rdkit.Chem.rdchem.Mol object at 0x7f40c8434940>,CC(C)CC(C)C
100025,108-67-8,108-67-8,Cc1cc(C)cc(C)c1,"1,3,5-Trimethylbenzene","1,3,5-Trimethylbenzene","1,3,5-trimethylbenzene",176,DTXSID6026797,Cc1cc(C)cc(C)c1,"InChI=1S/C9H12/c1-7-4-8(2)6-9(3)5-7/h4-6H,1-3H3",AUHZEENZYGFFBQ-UHFFFAOYSA-N,0.4771,100025,<rdkit.Chem.rdchem.Mol object at 0x7f40c84349a0>,Cc1cc(C)cc(C)c1
100026,108-87-2,108-87-2,CC1CCCCC1,Methylcyclohexane,Methylcyclohexane,methylcyclohexane,177,DTXSID0047749,CC1CCCCC1,"InChI=1S/C7H14/c1-7-5-3-2-4-6-7/h7H,2-6H2,1H3",UAEPNZWRGJTJPN-UHFFFAOYSA-N,0.6021,100026,<rdkit.Chem.rdchem.Mol object at 0x7f40c8434a00>,CC1CCCCC1
100027,108-88-3,108-88-3,Cc1ccccc1,Toluene,Toluene,methylbenzene,178,DTXSID7021360,Cc1ccccc1,"InChI=1S/C7H8/c1-7-5-3-2-4-6-7/h2-6H,1H3",YXFVVABEGXRONW-UHFFFAOYSA-N,0.301,100027,<rdkit.Chem.rdchem.Mol object at 0x7f40c8434a60>,Cc1ccccc1
100029,110-54-3,110-54-3,CCCCCC,n-Hexane,Hexane,hexane,180,DTXSID0021917,CCCCCC,"InChI=1S/C6H14/c1-3-5-6-4-2/h3-6H2,1-2H3",VLKZOEOYAKHREP-UHFFFAOYSA-N,0.9542,100029,<rdkit.Chem.rdchem.Mol object at 0x7f40c8434ac0>,CCCCCC
100030,110-82-7,110-82-7,C1CCCCC1,Cyclohexane,Cyclohexane,cyclohexane,181,DTXSID4021923,C1CCCCC1,InChI=1S/C6H12/c1-2-4-6-5-3-1/h1-6H2,XDTMQSROBMDMFD-UHFFFAOYSA-N,1.699,100030,<rdkit.Chem.rdchem.Mol object at 0x7f40c8434b20>,C1CCCCC1
100031,111-01-3,111-01-3,CC(C)CCCC(C)CCCC(C)CCCCC(C)CCCC(C)CCCC(C)C,Squalane,Squalane,"2,6,10,15,19,23-hexamethyltetracosane",182,DTXSID0046513,CC(C)CCCC(C)CCCC(C)CCCCC(C)CCCC(C)CCCC(C)C,"InChI=1S/C30H62/c1-25(2)15-11-19-29(7)23-13-21-27(5)17-9-10-18-28(6)22-14-24-30(8)20-12-16-26(3)4/h25-30H,9-24H2,1-8H3",PRAKJMSDJKAYCZ-UHFFFAOYSA-N,1.6232,100031,<rdkit.Chem.rdchem.Mol object at 0x7f40c8434b80>,CC(C)CCCC(C)CCCC(C)CCCCC(C)CCCC(C)CCCC(C)C
100033,111-84-2,111-84-2,CCCCCCCCC,n-Nonane,Nonane,nonane,184,DTXSID9025796,CCCCCCCCC,"InChI=1S/C9H20/c1-3-5-7-9-8-6-4-2/h3-9H2,1-2H3",BKIMMITUMNQMOS-UHFFFAOYSA-N,0.9542,100033,<rdkit.Chem.rdchem.Mol object at 0x7f40c8434be0>,CCCCCCCCC
100034,112-40-3,112-40-3,CCCCCCCCCCCC,n-Dodecane,Dodecane,dodecane,185,DTXSID0026913,CCCCCCCCCCCC,"InChI=1S/C12H26/c1-3-5-7-9-11-12-10-8-6-4-2/h3-12H2,1-2H3",SNRUBQQJIBEYMU-UHFFFAOYSA-N,1.0,100034,<rdkit.Chem.rdchem.Mol object at 0x7f40c8434c40>,CCCCCCCCCCCC
100035,112-95-8,112-95-8,CCCCCCCCCCCCCCCCCCCC,n-Eicosane,Eicosane,icosane,186,DTXSID1025227,CCCCCCCCCCCCCCCCCCCC,"InChI=1S/C20H42/c1-3-5-7-9-11-13-15-17-19-20-18-16-14-12-10-8-6-4-2/h3-20H2,1-2H3",CBFCDTFDPHXCNY-UHFFFAOYSA-N,1.3979,100035,<rdkit.Chem.rdchem.Mol object at 0x7f40c8434ca0>,CCCCCCCCCCCCCCCCCCCC
100037,120-12-7,120-12-7,c1c2ccccc2cc2ccccc21,Anthracene,Anthracene,anthracene,188,DTXSID0023878,c1c2ccccc2cc2ccccc21,InChI=1S/C14H10/c1-2-6-12-10-14-8-4-3-7-13(14)9-11(12)5-1/h1-10H,MWPLVEDNUUSJAV-UHFFFAOYSA-N,2.0899,100037,<rdkit.Chem.rdchem.Mol object at 0x7f40c8434d00>,c1ccc2cc3ccccc3cc2c1
100038,124-18-5,124-18-5,CCCCCCCCCC,n-Decane,Decane,decane,189,DTXSID6024913,CCCCCCCCCC,"InChI=1S/C10H22/c1-3-5-7-9-10-8-6-4-2/h3-10H2,1-2H3",DIOQZVSQGTUSAI-UHFFFAOYSA-N,0.9542,100038,<rdkit.Chem.rdchem.Mol object at 0x7f40c8434d60>,CCCCCCCCCC
100039,129-00-0,129-00-0,c1cc2cccc3ccc4cccc1c4c32,Pyrene,Pyrene,pyrene,190,DTXSID3024289,c1cc2cccc3ccc4cccc1c4c32,InChI=1S/C16H10/c1-3-11-7-9-13-5-2-6-14-10-8-12(4-1)15(11)16(13)14/h1-10H,BBEAQIROQSPTKN-UHFFFAOYSA-N,2.3747,100039,<rdkit.Chem.rdchem.Mol object at 0x7f40c8434dc0>,c1cc2ccc3cccc4ccc(c1)c2c34
100041,141-93-5,141-93-5,CCc1cc(CC)ccc1,"1,3-Diethylbenzene","1,3-Diethylbenzene","1,3-diethylbenzene",192,DTXSID1022003,CCc1cc(CC)ccc1,"InChI=1S/C10H14/c1-3-9-6-5-7-10(4-2)8-9/h5-8H,3-4H2,1-2H3",AFZZYIJIWUTJFO-UHFFFAOYSA-N,0.8451,100041,<rdkit.Chem.rdchem.Mol object at 0x7f40c8434e20>,CCc1cccc(CC)c1
100042,142-82-5,142-82-5,CCCCCCC,n-Heptane,Heptane,heptane,193,DTXSID6024127,CCCCCCC,"InChI=1S/C7H16/c1-3-5-7-6-4-2/h3-7H2,1-2H3",IMNFDUFMRHMDMM-UHFFFAOYSA-N,0.8451,100042,<rdkit.Chem.rdchem.Mol object at 0x7f40c8434e80>,CCCCCCC
100043,189-55-9,189-55-9,c1c2ccccc2c2ccc3c4c2c1ccc4cc1ccccc13,"Dibenzo(a,I)pyrene","Dibenzo[a,i]pyrene",,194,DTXSID9059751,c1c2ccccc2c2ccc3c4c2c1ccc4cc1ccccc13,InChI=1S/C24H14/c1-3-7-19-15(5-1)13-17-9-10-18-14-16-6-2-4-8-20(16)22-12-11-21(19)23(17)24(18)22/h1-14H,TUGYIJVAYAHHHM-UHFFFAOYSA-N,2.4713,100043,<rdkit.Chem.rdchem.Mol object at 0x7f40c8434ee0>,c1ccc2c(c1)cc1ccc3cc4ccccc4c4ccc2c1c34
100045,191-24-2,191-24-2,c1cc2ccc3cccc4c3c2c2c3c4cccc3ccc21,Benzo(ghi)perylene,"Benzo(g,h,i)perylene",benzo[ghi]perylene,196,DTXSID5023908,c1cc2ccc3cccc4c3c2c2c3c4cccc3ccc21,InChI=1S/C22H12/c1-3-13-7-9-15-11-12-16-10-8-14-4-2-6-18-17(5-1)19(13)21(15)22(16)20(14)18/h1-12H,GYFAGKUZYNFMBN-UHFFFAOYSA-N,2.7497,100045,<rdkit.Chem.rdchem.Mol object at 0x7f40c8434f40>,c1cc2ccc3ccc4ccc5cccc6c(c1)c2c3c4c56
100046,192-97-2,192-97-2,c1cc2cccc3c2c2c(cccc21)c1ccccc31,Benzo(e)pyrene,Benzo(e)pyrene,benzo[e]pyrene,197,DTXSID3023764,c1cc2cccc3c2c2c(cccc21)c1ccccc31,InChI=1S/C20H12/c1-2-8-16-15(7-1)17-9-3-5-13-11-12-14-6-4-10-18(16)20(14)19(13)17/h1-12H,TXVHTIQJNYSSKO-UHFFFAOYSA-N,2.5623,100046,<rdkit.Chem.rdchem.Mol object at 0x7f40c8434fa0>,c1ccc2c(c1)c1cccc3ccc4cccc2c4c31
100047,193-39-5,193-39-5,c1c2c3c4c5c1cccc5ccc4ccc3-c1ccccc1-2,"Indeno(1,2,3-cd)pyrene","Indeno(1,2,3-cd)pyrene","indeno[1,2,3-cd]pyrene",198,DTXSID8024153,c1c2c3c4c5c1cccc5ccc4ccc3-c1ccccc1-2,InChI=1S/C22H12/c1-2-7-17-16(6-1)18-11-10-14-9-8-13-4-3-5-15-12-19(17)22(18)21(14)20(13)15/h1-12H,SXQBHARYMNFBPS-UHFFFAOYSA-N,2.5185,100047,<rdkit.Chem.rdchem.Mol object at 0x7f40c8436040>,c1ccc2c(c1)-c1ccc3ccc4cccc5cc-2c1c3c45
100049,203-12-3,203-12-3,c1cc2cccc3c2c2c4c-3cccc4ccc21,Benzo(ghi)fluoranthene,Benzo[ghi]fluoranthene,,200,DTXSID4075455,c1cc2cccc3c2c2c4c3cccc4ccc21,InChI=1S/C18H10/c1-3-11-7-9-13-10-8-12-4-2-6-15-14(5-1)16(11)18(13)17(12)15/h1-10H,YEIHPPOCKIHUQJ-UHFFFAOYSA-N,2.5441,100049,<rdkit.Chem.rdchem.Mol object at 0x7f40c84360a0>,c1cc2c3c(c1)ccc1ccc4cccc-2c4c13
100050,205-82-3,205-82-3,c1cc2c(c3ccccc31)-c1cccc3cccc-2c31,Benzo(j)fluoranthene,Benzo(j)fluoranthene,benzo[j]fluoranthene,201,DTXSID8052691,c1cc2c(c3ccccc31)-c1cccc3cccc-2c31,InChI=1S/C20H12/c1-2-8-15-13(5-1)11-12-17-16-9-3-6-14-7-4-10-18(19(14)16)20(15)17/h1-12H,KHNYNFUTFKJLDD-UHFFFAOYSA-N,2.4771,100050,<rdkit.Chem.rdchem.Mol object at 0x7f40c8436100>,c1ccc2c3c(ccc2c1)-c1cccc2cccc-3c12
100051,205-99-2,205-99-2,c1c2c3c(cccc3-c3ccccc3-2)c2ccccc21,Benzo(b)fluoranthene,Benzo(b)fluoranthene,benzo[e]acephenanthrylene,202,DTXSID0023907,c1c2c3c(cccc3-c3ccccc3-2)c2ccccc21,InChI=1S/C20H12/c1-2-7-14-13(6-1)12-19-16-9-4-3-8-15(16)18-11-5-10-17(14)20(18)19/h1-12H,FTOVXSOBNPWTSH-UHFFFAOYSA-N,2.4502,100051,<rdkit.Chem.rdchem.Mol object at 0x7f40c8436160>,c1ccc2c(c1)-c1cccc3c1c-2cc1ccccc13
100053,207-08-9,207-08-9,c1c2-c3cccc4cccc(c43)-c2cc2ccccc21,Benzo(k)fluoranthene,Benzo(k)fluoranthene,benzo[k]fluoranthene,204,DTXSID0023909,c1c2-c3cccc4cccc(c43)-c2cc2ccccc21,InChI=1S/C20H12/c1-2-6-15-12-19-17-10-4-8-13-7-3-9-16(20(13)17)18(19)11-14(15)5-1/h1-12H,HAXBIWFMXWRORI-UHFFFAOYSA-N,2.5453,100053,<rdkit.Chem.rdchem.Mol object at 0x7f40c84361c0>,c1ccc2cc3c(cc2c1)-c1cccc2cccc-3c12
100054,208-96-8,208-96-8,c1ccc2C=Cc3cccc1c32,Acenaphthylene,Acenaphthylene,acenaphthylene,205,DTXSID3023845,c1ccc2C=Cc3cccc1c32,InChI=1S/C12H8/c1-3-9-4-2-6-11-8-7-10(5-1)12(9)11/h1-8H,HXGDTGSAIMULJN-UHFFFAOYSA-N,1.5798,100054,<rdkit.Chem.rdchem.Mol object at 0x7f40c8436220>,C1=Cc2cccc3cccc1c23
100055,217-59-4,217-59-4,c1cccc2c1c1ccccc1c1ccccc12,Triphenylene,Triphenylene,Triphenylene,206,DTXSID9059757,c1cccc2c1c1ccccc1c1ccccc12,InChI=1S/C18H12/c1-2-8-14-13(7-1)15-9-3-4-11-17(15)18-12-6-5-10-16(14)18/h1-12H,SLGBZMMZGDRARJ-UHFFFAOYSA-N,2.5775,100055,<rdkit.Chem.rdchem.Mol object at 0x7f40c8436280>,c1ccc2c(c1)c1ccccc1c1ccccc21
100057,238-84-6,238-84-6,C1c2c3ccccc3ccc2-c2ccccc21,Benzo(a)fluorene,11H-Benzo[a]fluorene,11H-Benzo[a]fluorene,208,DTXSID3075204,C1c2c3ccccc3ccc2-c2ccccc21,"InChI=1S/C17H12/c1-3-7-14-12(5-1)9-10-16-15-8-4-2-6-13(15)11-17(14)16/h1-10H,11H2",HKMTVMBEALTRRR-UHFFFAOYSA-N,2.1492,100057,<rdkit.Chem.rdchem.Mol object at 0x7f40c84362e0>,c1ccc2c(c1)Cc1c-2ccc2ccccc12
100058,281-23-2,281-23-2,C1C2CC3CC1CC(C2)C3,Adamantane,Adamantane,"tricyclo[3.3.1.1~3,7~]decane",209,DTXSID5022017,C1C2CC3CC1CC(C2)C3,"InChI=1S/C10H16/c1-7-2-9-4-8(1)5-10(3-7)6-9/h7-10H,1-6H2",ORILYTVJVMAKLC-UHFFFAOYSA-N,3.0,100058,<rdkit.Chem.rdchem.Mol object at 0x7f40c8436340>,C1C2CC3CC1CC(C2)C3
100059,287-92-3,287-92-3,C1CCCC1,Cyclopentane,Cyclopentane,cyclopentane,210,DTXSID6024886,C1CCCC1,InChI=1S/C5H10/c1-2-4-5-3-1/h1-5H2,RGSFGYAAUTVSQA-UHFFFAOYSA-N,1.699,100059,<rdkit.Chem.rdchem.Mol object at 0x7f40c84363a0>,C1CCCC1
100061,488-23-3,488-23-3,Cc1ccc(C)c(C)c1C,"1,2,3,4-Tetramethylbenzene","1,2,3,4-Tetramethylbenzene","1,2,3,4-TETRAMETHYLBENZENE",212,DTXSID4060072,Cc1ccc(C)c(C)c1C,"InChI=1S/C10H14/c1-7-5-6-8(2)10(4)9(7)3/h5-6H,1-4H3",UOHMMEJUHBCKEE-UHFFFAOYSA-N,0.6021,100061,<rdkit.Chem.rdchem.Mol object at 0x7f40c8436400>,Cc1ccc(C)c(C)c1C
100062,496-11-7,496-11-7,C1CCc2ccccc21,Indan,Indan,indane,213,DTXSID4052132,C1CCc2ccccc21,"InChI=1S/C9H10/c1-2-5-9-7-3-6-8(9)4-1/h1-2,4-5H,3,6-7H2",PQNFLJBBNBOBRQ-UHFFFAOYSA-N,0.7782,100062,<rdkit.Chem.rdchem.Mol object at 0x7f40c8436460>,c1ccc2c(c1)CCC2
100063,526-73-8,526-73-8,Cc1c(C)cccc1C,"1,2,3-Trimethylbenzene","1,2,3-Trimethylbenzene","1,2,3-trimethylbenzene",214,DTXSID8047769,Cc1c(C)cccc1C,"InChI=1S/C9H12/c1-7-5-4-6-8(2)9(7)3/h4-6H,1-3H3",FYGHSUNMUKGBRK-UHFFFAOYSA-N,0.6021,100063,<rdkit.Chem.rdchem.Mol object at 0x7f40c84364c0>,Cc1cccc(C)c1C
100065,538-93-2,538-93-2,c(cccc1)(c1)CC(C)C,Isobutylbenzene,Isobutylbenzene,(2-methylpropyl)benzene,216,DTXSID6027181,CC(C)Cc1ccccc1,"InChI=1S/C10H14/c1-9(2)8-10-6-4-3-5-7-10/h3-7,9H,8H2,1-2H3",KXUHSQYYJYAXGZ-UHFFFAOYSA-N,1.0,100065,<rdkit.Chem.rdchem.Mol object at 0x7f40c8436520>,CC(C)Cc1ccccc1
100066,540-84-1,540-84-1,CC(C)CC(C)(C)C,"2,2,4-Trimethylpentane","2,2,4-Trimethylpentane","2,2,4-trimethylpentane",217,DTXSID7024370,CC(C)CC(C)(C)C,"InChI=1S/C8H18/c1-7(2)6-8(3,4)5/h7H,6H2,1-5H3",NHTMVDHEPJAVLT-UHFFFAOYSA-N,1.6021,100066,<rdkit.Chem.rdchem.Mol object at 0x7f40c8436580>,CC(C)CC(C)(C)C
100067,544-76-3,544-76-3,CCCCCCCCCCCCCCCC,n-Hexadecane,Hexadecane,hexadecane,218,DTXSID0027195,CCCCCCCCCCCCCCCC,"InChI=1S/C16H34/c1-3-5-7-9-11-13-15-16-14-12-10-8-6-4-2/h3-16H2,1-2H3",DCAYPVUWAIABOU-UHFFFAOYSA-N,1.2304,100067,<rdkit.Chem.rdchem.Mol object at 0x7f40c84365e0>,CCCCCCCCCCCCCCCC
100069,560-21-4,560-21-4,CCC(C)(C)C(C)C,"2,3,3-Trimethylpentane","Pentane, 2,3,3-trimethyl-","2,3,3-Trimethylpentane",220,DTXSID2060333,CCC(C)(C)C(C)C,"InChI=1S/C8H18/c1-6-8(4,5)7(2)3/h7H,6H2,1-5H3",OKVWYBALHQFVFP-UHFFFAOYSA-N,1.7243,100069,<rdkit.Chem.rdchem.Mol object at 0x7f40c8436640>,CCC(C)(C)C(C)C
100070,562-49-2,562-49-2,CC(C)(CC)CC,"3,3-Dimethylpentane","Pentane,3,3-dimethyl-","3,3-dimethylpentane",221,DTXSID0049319,CC(C)(CC)CC,"InChI=1S/C7H16/c1-5-7(3,4)6-2/h5-6H2,1-4H3",AEXMKKGTQYQZCS-UHFFFAOYSA-N,0.9542,100070,<rdkit.Chem.rdchem.Mol object at 0x7f40c84366a0>,CCC(C)(C)CC
100071,563-16-6,563-16-6,CCC(C)(C)CCC,"3,3-Dimethylhexane","3,3-Dimethylhexane","3,3-Dimethylhexane",222,DTXSID2073194,CCC(C)(C)CCC,"InChI=1S/C8H18/c1-5-7-8(3,4)6-2/h5-7H2,1-4H3",KUMXLFIBWFCMOJ-UHFFFAOYSA-N,0.699,100071,<rdkit.Chem.rdchem.Mol object at 0x7f40c8436700>,CCCC(C)(C)CC
100073,565-59-3,NOCAS_862203,C(C(CC)C)(C)C,"2,3-Dimethylpentane",,,224,DTXSID20862203,CC(C)C(C)CC,"InChI=1S/C7H16/c1-5-7(4)6(2)3/h6-7H,5H2,1-4H3",WGECXQBGLLYSFP-UHFFFAOYSA-N,0.8451,100073,<rdkit.Chem.rdchem.Mol object at 0x7f40c8436760>,CCC(C)C(C)C
100074,565-75-3,565-75-3,CC(C(C)C)C(C)C,"2,3,4-Trimethylpentane","2,3,4-Trimethylpentane","2,3,4-Trimethylpentane",225,DTXSID6060343,CC(C(C)C)C(C)C,"InChI=1S/C8H18/c1-6(2)8(5)7(3)4/h6-8H,1-5H3",RLPGDEORIPLBNF-UHFFFAOYSA-N,1.1761,100074,<rdkit.Chem.rdchem.Mol object at 0x7f40c84367c0>,CC(C)C(C)C(C)C
100075,571-58-4,571-58-4,Cc1ccc(C)c2ccccc12,"1,4-Dimethylnaphthalene","1,4-Dimethylnaphthalene","1,4-dimethylnaphthalene",226,DTXSID8035423,Cc1ccc(C)c2ccccc12,"InChI=1S/C12H12/c1-9-7-8-10(2)12-6-4-3-5-11(9)12/h3-8H,1-2H3",APQSQLNWAIULLK-UHFFFAOYSA-N,1.1761,100075,<rdkit.Chem.rdchem.Mol object at 0x7f40c8436820>,Cc1ccc(C)c2ccccc12
100077,583-48-2,NOCAS_862234,C(C(CC)C)(CC)C,"3,4-Dimethylhexane",,,228,DTXSID30862234,CC(CC)C(C)CC,"InChI=1S/C8H18/c1-5-7(3)8(4)6-2/h7-8H,5-6H2,1-4H3",RNTWWGNZUXGTAX-UHFFFAOYSA-N,0.4771,100077,<rdkit.Chem.rdchem.Mol object at 0x7f40c8436880>,CCC(C)C(C)CC
100078,583-57-3,583-57-3,CC1CCCCC1C,"1,2-Dimethylcyclohexane","1,2-Dimethylcyclohexane",C8H16,229,DTXSID50858730,CC1CCCCC1C,"InChI=1S/C8H16/c1-7-5-3-4-6-8(7)2/h7-8H,3-6H2,1-2H3",KVZJLSYJROEPSQ-UHFFFAOYSA-N,1.2553,100078,<rdkit.Chem.rdchem.Mol object at 0x7f40c84368e0>,CC1CCCCC1C
100080,589-34-4,589-34-4,CCC(C)CCC,3-Methylhexane,3-Methylhexane,3-methylhexane,231,DTXSID3044334,CCC(C)CCC,"InChI=1S/C7H16/c1-4-6-7(3)5-2/h7H,4-6H2,1-3H3",VLJXXKKOSFGPHI-UHFFFAOYSA-N,0.9542,100080,<rdkit.Chem.rdchem.Mol object at 0x7f40c8436940>,CCCC(C)CC
100081,589-43-5,589-43-5,CC(C)CC(C)CC,"2,4-Dimethylhexane","Alkanes, C7-10-iso-","2,4-dimethylhexane",232,DTXSID60873237,CC(C)CC(C)CC,"InChI=1S/C8H18/c1-5-8(4)6-7(2)3/h7-8H,5-6H2,1-4H3",HDGQICNBXPAKLR-UHFFFAOYSA-N,0.8451,100081,<rdkit.Chem.rdchem.Mol object at 0x7f40c84369a0>,CCC(C)CC(C)C
100082,589-53-7,589-53-7,CC(CCC)CCC,4-Methylheptane,4-Methylheptane,4-Methylheptane,233,DTXSID6060428,CC(CCC)CCC,"InChI=1S/C8H18/c1-4-6-8(3)7-5-2/h8H,4-7H2,1-3H3",CHBAWFGIXDBEBT-UHFFFAOYSA-N,0.6021,100082,<rdkit.Chem.rdchem.Mol object at 0x7f40c8436a00>,CCCC(C)CCC
100084,590-35-2,590-35-2,CCCC(C)(C)C,"2,2-Dimethylpentane","Pentane, 2,2-dimethyl-","2,2-DIMETHYLPENTANE",235,DTXSID5060439,CCCC(C)(C)C,"InChI=1S/C7H16/c1-5-6-7(2,3)4/h5-6H2,1-4H3",CXOWYJMDMMMMJO-UHFFFAOYSA-N,0.8451,100084,<rdkit.Chem.rdchem.Mol object at 0x7f40c8436a60>,CCCC(C)(C)C
100085,590-73-8,590-73-8,CCCCC(C)(C)C,"2,2-Dimethylhexane","Hexane, 2,2-dimethyl-","2,2-DIMETHYLHEXANE",236,DTXSID9073200,CCCCC(C)(C)C,"InChI=1S/C8H18/c1-5-6-7-8(2,3)4/h5-7H2,1-4H3",FLTJDUOFAQWHDF-UHFFFAOYSA-N,0.6021,100085,<rdkit.Chem.rdchem.Mol object at 0x7f40c8436ac0>,CCCCC(C)(C)C
100086,591-76-4,591-76-4,CCCCC(C)C,2-Methylhexane,2-Methylhexane,2-methylhexane,237,DTXSID5052256,CCCCC(C)C,"InChI=1S/C7H16/c1-4-5-6-7(2)3/h7H,4-6H2,1-3H3",GXDHCNNESPLIKD-UHFFFAOYSA-N,0.4771,100086,<rdkit.Chem.rdchem.Mol object at 0x7f40c8436b20>,CCCCC(C)C
100088,592-27-8,592-27-8,CCCCCC(C)C,2-Methylheptane,2-Methylheptane,2-Methylheptane,239,DTXSID2060460,CCCCCC(C)C,"InChI=1S/C8H18/c1-4-5-6-7-8(2)3/h8H,4-7H2,1-3H3",JVSWJIKNEAIKJW-UHFFFAOYSA-N,0.4771,100088,<rdkit.Chem.rdchem.Mol object at 0x7f40c8436b80>,CCCCCC(C)C
100089,593-45-3,593-45-3,CCCCCCCCCCCCCCCCCC,n-Octadecane,Octadecane,octadecane,240,DTXSID9047172,CCCCCCCCCCCCCCCCCC,"InChI=1S/C18H38/c1-3-5-7-9-11-13-15-17-18-16-14-12-10-8-6-4-2/h3-18H2,1-2H3",RZJRJXONCZWCBN-UHFFFAOYSA-N,1.3222,100089,<rdkit.Chem.rdchem.Mol object at 0x7f40c8436be0>,CCCCCCCCCCCCCCCCCC
100090,593-49-7,593-49-7,CCCCCCCCCCCCCCCCCCCCCCCCCCC,n-Heptacosane,Heptacosane,Heptacosane,241,DTXSID6058637,CCCCCCCCCCCCCCCCCCCCCCCCCCC,"InChI=1S/C27H56/c1-3-5-7-9-11-13-15-17-19-21-23-25-27-26-24-22-20-18-16-14-12-10-8-6-4-2/h3-27H2,1-2H3",BJQWYEJQWHSSCJ-UHFFFAOYSA-N,2.1492,100090,<rdkit.Chem.rdchem.Mol object at 0x7f40c8436c40>,CCCCCCCCCCCCCCCCCCCCCCCCCCC
100092,611-14-3,611-14-3,Cc1ccccc1CC,1-Methyl-2-ethylbenzene,1-Ethyl-2-methylbenzene,1-ethyl-2-methylbenzene,243,DTXSID2050403,Cc1ccccc1CC,"InChI=1S/C9H12/c1-3-9-7-5-4-6-8(9)2/h4-7H,3H2,1-2H3",HYFLWBNQFMXCPA-UHFFFAOYSA-N,0.6021,100092,<rdkit.Chem.rdchem.Mol object at 0x7f40c8436ca0>,CCc1ccccc1C
100093,617-78-7,617-78-7,CCC(CC)CC,3-Ethylpentane,"Pentane, 3-ethyl-",3-Ethylpentane,244,DTXSID8073211,CCC(CC)CC,"InChI=1S/C7H16/c1-4-7(5-2)6-3/h7H,4-6H2,1-3H3",AORMDLNPRGXHHL-UHFFFAOYSA-N,0.6021,100093,<rdkit.Chem.rdchem.Mol object at 0x7f40c8436d00>,CCC(CC)CC
100094,619-99-8,619-99-8,CCCC(CC)CC,3-Ethylhexane,3-Ethylhexane,3-Ethylhexane,245,DTXSID6060713,CCCC(CC)CC,"InChI=1S/C8H18/c1-4-7-8(5-2)6-3/h8H,4-7H2,1-3H3",SFRKSDZMZHIISH-UHFFFAOYSA-N,0.6021,100094,<rdkit.Chem.rdchem.Mol object at 0x7f40c8436d60>,CCCC(CC)CC
100096,622-96-8,622-96-8,Cc1ccc(CC)cc1,1-Methyl-4-ethylbenzene,4-Ethyltoluene,1-ethyl-4-methylbenzene,247,DTXSID9029194,Cc1ccc(CC)cc1,"InChI=1S/C9H12/c1-3-9-6-4-8(2)5-7-9/h4-7H,3H2,1-2H3",JRLPEMVDPFPYPJ-UHFFFAOYSA-N,0.6021,100096,<rdkit.Chem.rdchem.Mol object at 0x7f40c8436dc0>,CCc1ccc(C)cc1
100097,629-50-5,629-50-5,CCCCCCCCCCCCC,n-Tridecane,Tridecane,tridecane,248,DTXSID6027266,CCCCCCCCCCCCC,"InChI=1S/C13H28/c1-3-5-7-9-11-13-12-10-8-6-4-2/h3-13H2,1-2H3",IIYFAKIEWZDVMP-UHFFFAOYSA-N,1.0792,100097,<rdkit.Chem.rdchem.Mol object at 0x7f40c8436e20>,CCCCCCCCCCCCC
100098,629-59-4,629-59-4,CCCCCCCCCCCCCC,n-Tetradecane,Tetradecane,tetradecane,249,DTXSID1027267,CCCCCCCCCCCCCC,"InChI=1S/C14H30/c1-3-5-7-9-11-13-14-12-10-8-6-4-2/h3-14H2,1-2H3",BGHCVCJVXZWKCC-UHFFFAOYSA-N,1.3617,100098,<rdkit.Chem.rdchem.Mol object at 0x7f40c8436e80>,CCCCCCCCCCCCCC
100100,629-78-7,629-78-7,CCCCCCCCCCCCCCCCC,n-Heptadecane,Heptadecane,heptadecane,251,DTXSID7047061,CCCCCCCCCCCCCCCCC,"InChI=1S/C17H36/c1-3-5-7-9-11-13-15-17-16-14-12-10-8-6-4-2/h3-17H2,1-2H3",NDJKXXJCMXVBJW-UHFFFAOYSA-N,1.301,100100,<rdkit.Chem.rdchem.Mol object at 0x7f40c8436ee0>,CCCCCCCCCCCCCCCCC
100101,629-92-5,629-92-5,CCCCCCCCCCCCCCCCCCC,n-Nonadecane,Nonadecane,nonadecane,252,DTXSID9047170,CCCCCCCCCCCCCCCCCCC,"InChI=1S/C19H40/c1-3-5-7-9-11-13-15-17-19-18-16-14-12-10-8-6-4-2/h3-19H2,1-2H3",LQERIDTXQFOHKA-UHFFFAOYSA-N,1.2553,100101,<rdkit.Chem.rdchem.Mol object at 0x7f40c8436f40>,CCCCCCCCCCCCCCCCCCC
100102,629-94-7,629-94-7,CCCCCCCCCCCCCCCCCCCCC,n-Heneicosane,Heneicosane,henicosane,253,DTXSID9047097,CCCCCCCCCCCCCCCCCCCCC,"InChI=1S/C21H44/c1-3-5-7-9-11-13-15-17-19-21-20-18-16-14-12-10-8-6-4-2/h3-21H2,1-2H3",FNAZRRHPUDJQCJ-UHFFFAOYSA-N,1.3979,100102,<rdkit.Chem.rdchem.Mol object at 0x7f40c8436fa0>,CCCCCCCCCCCCCCCCCCCCC
100104,629-99-2,629-99-2,CCCCCCCCCCCCCCCCCCCCCCCCC,n-Pentacosane,Pentacosane,PENTACOSANE,255,DTXSID2060882,CCCCCCCCCCCCCCCCCCCCCCCCC,"InChI=1S/C25H52/c1-3-5-7-9-11-13-15-17-19-21-23-25-24-22-20-18-16-14-12-10-8-6-4-2/h3-25H2,1-2H3",YKNWIILGEFFOPE-UHFFFAOYSA-N,2.0828,100104,<rdkit.Chem.rdchem.Mol object at 0x7f40c8408040>,CCCCCCCCCCCCCCCCCCCCCCCCC
100105,630-01-3,630-01-3,CCCCCCCCCCCCCCCCCCCCCCCCCC,n-Hexacosane,Hexacosane,HEXACOSANE,256,DTXSID7060883,CCCCCCCCCCCCCCCCCCCCCCCCCC,"InChI=1S/C26H54/c1-3-5-7-9-11-13-15-17-19-21-23-25-26-24-22-20-18-16-14-12-10-8-6-4-2/h3-26H2,1-2H3",HMSWAIKSFDFLKN-UHFFFAOYSA-N,2.0,100105,<rdkit.Chem.rdchem.Mol object at 0x7f40c84080a0>,CCCCCCCCCCCCCCCCCCCCCCCCCC
100106,630-02-4,630-02-4,CCCCCCCCCCCCCCCCCCCCCCCCCCCC,n-Octacosane,Octacosane,Octacosane,257,DTXSID6058639,CCCCCCCCCCCCCCCCCCCCCCCCCCCC,"InChI=1S/C28H58/c1-3-5-7-9-11-13-15-17-19-21-23-25-27-28-26-24-22-20-18-16-14-12-10-8-6-4-2/h3-28H2,1-2H3",ZYURHZPYMFLWSH-UHFFFAOYSA-N,2.0969,100106,<rdkit.Chem.rdchem.Mol object at 0x7f40c8408100>,CCCCCCCCCCCCCCCCCCCCCCCCCCCC
100108,630-04-6,630-04-6,CCCCCCCCCCCCCCCCCCCCCCCCCCCCCCC,n-Hentriacontane,Hentriacontane,Hentriacontane,259,DTXSID0075443,CCCCCCCCCCCCCCCCCCCCCCCCCCCCCCC,"InChI=1S/C31H64/c1-3-5-7-9-11-13-15-17-19-21-23-25-27-29-31-30-28-26-24-22-20-18-16-14-12-10-8-6-4-2/h3-31H2,1-2H3",IUJAMGNYPWYUPM-UHFFFAOYSA-N,2.4409,100108,<rdkit.Chem.rdchem.Mol object at 0x7f40c8408160>,CCCCCCCCCCCCCCCCCCCCCCCCCCCCCCC
100109,630-05-7,630-05-7,CCCCCCCCCCCCCCCCCCCCCCCCCCCCCCCCC,n-Tritriacontane,Tritriacontane,Tritriacontane,260,DTXSID5075444,CCCCCCCCCCCCCCCCCCCCCCCCCCCCCCCCC,"InChI=1S/C33H68/c1-3-5-7-9-11-13-15-17-19-21-23-25-27-29-31-33-32-30-28-26-24-22-20-18-16-14-12-10-8-6-4-2/h3-33H2,1-2H3",SUJUOAZFECLBOA-UHFFFAOYSA-N,2.5599,100109,<rdkit.Chem.rdchem.Mol object at 0x7f40c84081c0>,CCCCCCCCCCCCCCCCCCCCCCCCCCCCCCCCC
100111,638-67-5,638-67-5,CCCCCCCCCCCCCCCCCCCCCCC,n-Tricosane,Tricosane,tricosane,261,DTXSID7047699,CCCCCCCCCCCCCCCCCCCCCCC,"InChI=1S/C23H48/c1-3-5-7-9-11-13-15-17-19-21-23-22-20-18-16-14-12-10-8-6-4-2/h3-23H2,1-2H3",FIGVVZUWCLSUEI-UHFFFAOYSA-N,2.1614,100111,<rdkit.Chem.rdchem.Mol object at 0x7f40c8408220>,CCCCCCCCCCCCCCCCCCCCCCC
100113,644-08-6,644-08-6,Cc1ccc(cc1)-c1ccccc1,4-Methylbiphenyl,4-Phenyltoluene,4-methylbiphenyl,263,DTXSID4047177,Cc1ccc(cc1)-c1ccccc1,"InChI=1S/C13H12/c1-11-7-9-13(10-8-11)12-5-3-2-4-6-12/h2-10H,1H3",ZZLCFHIKESPLTH-UHFFFAOYSA-N,1.5798,100113,<rdkit.Chem.rdchem.Mol object at 0x7f40c8408280>,Cc1ccc(-c2ccccc2)cc1
100114,646-31-1,646-31-1,CCCCCCCCCCCCCCCCCCCCCCCC,n-Tetracosane,Tetracosane,Tetracosane,264,DTXSID8060955,CCCCCCCCCCCCCCCCCCCCCCCC,"InChI=1S/C24H50/c1-3-5-7-9-11-13-15-17-19-21-23-24-22-20-18-16-14-12-10-8-6-4-2/h3-24H2,1-2H3",POOSGDOYLQNASK-UHFFFAOYSA-N,2.0569,100114,<rdkit.Chem.rdchem.Mol object at 0x7f40c84082e0>,CCCCCCCCCCCCCCCCCCCCCCCC
100115,767-60-2,767-60-2,CC1=CCc2ccccc21,3-Methylindene,3-Methylindene,3-METHYL-1H-INDENE,265,DTXSID40227496,CC1=CCc2ccccc21,"InChI=1S/C10H10/c1-8-6-7-9-4-2-3-5-10(8)9/h2-6H,7H2,1H3",COOKKJGOGWACMY-UHFFFAOYSA-N,0.4771,100115,<rdkit.Chem.rdchem.Mol object at 0x7f40c8408340>,CC1=CCc2ccccc21
100117,824-22-6,824-22-6,Cc1cccc2CCCc21,4-Methylindan,4-Methylindan,"4-methyl-2,3-dihydro-1H-indene",267,DTXSID7073931,Cc1cccc2CCCc21,"InChI=1S/C10H12/c1-8-4-2-5-9-6-3-7-10(8)9/h2,4-5H,3,6-7H2,1H3",LNNSODHYZXCEJP-UHFFFAOYSA-N,0.301,100117,<rdkit.Chem.rdchem.Mol object at 0x7f40c84083a0>,Cc1cccc2c1CCC2
100118,832-69-9,832-69-9,Cc1cccc2c3ccccc3ccc21,1-Methylphenanthrene,1-Methyl phenanthrene,1-methylphenanthrene,268,DTXSID6025648,Cc1cccc2c3ccccc3ccc21,"InChI=1S/C15H12/c1-11-5-4-8-15-13(11)10-9-12-6-2-3-7-14(12)15/h2-10H,1H3",DOWJXOHBNXRUOD-UHFFFAOYSA-N,1.3617,100118,<rdkit.Chem.rdchem.Mol object at 0x7f40c8408400>,Cc1cccc2c1ccc1ccccc12
100119,874-35-1,874-35-1,Cc1cc2CCCc2cc1,5-Methylindan,5-Methylindan,"5-methyl-2,3-dihydro-1H-indene",269,DTXSID5061245,Cc1cc2CCCc2cc1,"InChI=1S/C10H12/c1-8-5-6-9-3-2-4-10(9)7-8/h5-7H,2-4H2,1H3",RFXBCGVZEJEYGG-UHFFFAOYSA-N,0.301,100119,<rdkit.Chem.rdchem.Mol object at 0x7f40c8408460>,Cc1ccc2c(c1)CCC2
100121,933-98-2,933-98-2,c(c(c(cc1)C)C)(c1)CC,"1,2-Dimethyl-3-ethylbenzene",,,271,DTXSID00865479,CCc1cccc(C)c1C,"InChI=1S/C10H14/c1-4-10-7-5-6-8(2)9(10)3/h5-7H,4H2,1-3H3",QUBBAXISAHIDNM-UHFFFAOYSA-N,0.7782,100121,<rdkit.Chem.rdchem.Mol object at 0x7f40c84084c0>,CCc1cccc(C)c1C
100122,934-74-7,934-74-7,CCc1cc(C)cc(C)c1,"1,3-Dimethyl-5-ethylbenzene","1,3-Dimethyl-5-ethylbenzene","1-Ethyl-3,5-dimethylbenzene",272,DTXSID1061316,CCc1cc(C)cc(C)c1,"InChI=1S/C10H14/c1-4-10-6-8(2)5-9(3)7-10/h5-7H,4H2,1-3H3",LMAUULKNZLEMGN-UHFFFAOYSA-N,0.301,100122,<rdkit.Chem.rdchem.Mol object at 0x7f40c8408520>,CCc1cc(C)cc(C)c1
100123,934-80-5,934-80-5,CCc1cc(C)c(C)cc1,"1,2-Dimethyl-4-ethylbenzene","1,2-Dimethyl-4-ethylbenzene","4-Ethyl-1,2-dimethylbenzene",273,DTXSID6061317,CCc1cc(C)c(C)cc1,"InChI=1S/C10H14/c1-4-10-6-5-8(2)9(3)7-10/h5-7H,4H2,1-3H3",SBUYFICWQNHBCM-UHFFFAOYSA-N,0.699,100123,<rdkit.Chem.rdchem.Mol object at 0x7f40c8408580>,CCc1ccc(C)c(C)c1
100125,1071-26-7,1071-26-7,CCCCCC(C)(C)C,"2,2-Dimethylheptane","2,2-Dimethylheptane","2,2-Dimethylheptane",275,DTXSID0061454,CCCCCC(C)(C)C,"InChI=1S/C9H20/c1-5-6-7-8-9(2,3)4/h5-8H2,1-4H3",PSABUFWDVWCFDP-UHFFFAOYSA-N,0.7782,100125,<rdkit.Chem.rdchem.Mol object at 0x7f40c84085e0>,CCCCCC(C)(C)C
100126,1074-17-5,1074-17-5,Cc1ccccc1CCC,1-Methyl-2-n-propylbenzene,1-Methyl-2-propylbenzene,1-Methyl-2-propylbenzene,276,DTXSID4061466,Cc1ccccc1CCC,"InChI=1S/C10H14/c1-3-6-10-8-5-4-7-9(10)2/h4-5,7-8H,3,6H2,1-2H3",YQZBFMJOASEONC-UHFFFAOYSA-N,0.4771,100126,<rdkit.Chem.rdchem.Mol object at 0x7f40c8408640>,CCCc1ccccc1C
100127,1120-21-4,1120-21-4,CCCCCCCCCCC,n-Undecane,Undecane,C11H24,277,DTXSID9021689,CCCCCCCCCCC,"InChI=1S/C11H24/c1-3-5-7-9-11-10-8-6-4-2/h3-11H2,1-2H3",RSJKGSCJYJTIGS-UHFFFAOYSA-N,0.8451,100127,<rdkit.Chem.rdchem.Mol object at 0x7f40c84086a0>,CCCCCCCCCCC
100131,1640-89-7,1640-89-7,CCC1CCCC1,Ethylcyclopentane,"Cyclopentane, ethyl-",Ethylcyclopentane,280,DTXSID5075109,CCC1CCCC1,"InChI=1S/C7H14/c1-2-7-5-3-4-6-7/h7H,2-6H2,1H3",IFTRQJLVEBNKJK-UHFFFAOYSA-N,1.1761,100131,<rdkit.Chem.rdchem.Mol object at 0x7f40c8408700>,CCC1CCCC1
100132,1678-91-7,1678-91-7,CCC1CCCCC1,Ethylcyclohexane,Ethylcyclohexane,ethylcyclohexane,281,DTXSID1051779,CCC1CCCCC1,"InChI=1S/C8H16/c1-2-8-6-4-3-5-7-8/h8H,2-7H2,1H3",IIEWJVIFRVWJOD-UHFFFAOYSA-N,0.301,100132,<rdkit.Chem.rdchem.Mol object at 0x7f40c8408760>,CCC1CCCCC1
100133,1758-88-9,1758-88-9,CCc1cc(C)ccc1C,"1,4-Dimethyl-2-ethylbenzene",2-Ethyl-p-xylene,"2-Ethyl-1,4-dimethylbenzene",282,DTXSID0061951,CCc1cc(C)ccc1C,"InChI=1S/C10H14/c1-4-10-7-8(2)5-6-9(10)3/h5-7H,4H2,1-3H3",AXIUBBVSOWPLDA-UHFFFAOYSA-N,0.4771,100133,<rdkit.Chem.rdchem.Mol object at 0x7f40c84087c0>,CCc1cc(C)ccc1C
100135,2177-47-1,2177-47-1,CC1Cc2ccccc2C=1,2-Methylindene,"1H-Indene, 2-methyl-",2-METHYL-1H-INDENE,284,DTXSID00176173,CC1Cc2ccccc2C=1,"InChI=1S/C10H10/c1-8-6-9-4-2-3-5-10(9)7-8/h2-6H,7H2,1H3",YSAXEHWHSLANOM-UHFFFAOYSA-N,0.4771,100135,<rdkit.Chem.rdchem.Mol object at 0x7f40c8408820>,CC1=Cc2ccccc2C1
100136,2213-23-2,2213-23-2,CCCC(C)CC(C)C,"2,4-Dimethylheptane",,,285,DTXSID10862873,CC(C)CC(C)CCC,"InChI=1S/C9H20/c1-5-6-9(4)7-8(2)3/h8-9H,5-7H2,1-4H3",AUKVIBNBLXQNIZ-UHFFFAOYSA-N,0.7782,100136,<rdkit.Chem.rdchem.Mol object at 0x7f40c8408880>,CCCC(C)CC(C)C
100137,2216-30-0,NOCAS_862874,CCC(C)CCC(C)C,"2,5-Dimethylheptane",,,286,DTXSID70862874,CC(C)CCC(C)CC,"InChI=1S/C9H20/c1-5-9(4)7-6-8(2)3/h8-9H,5-7H2,1-4H3",HQZHQNKZOYIKQC-UHFFFAOYSA-N,0.7782,100137,<rdkit.Chem.rdchem.Mol object at 0x7f40c84088e0>,CCC(C)CCC(C)C
100139,2216-34-4,2216-34-4,CCCC(C)CCCC,4-Methyloctane,,,288,DTXSID90862876,CC(CCC)CCCC,"InChI=1S/C9H20/c1-4-6-8-9(3)7-5-2/h9H,4-8H2,1-3H3",DOGIHOCMZJUJNR-UHFFFAOYSA-N,0.699,100139,<rdkit.Chem.rdchem.Mol object at 0x7f40c8408940>,CCCCC(C)CCC
100140,2292-79-7,2292-79-7,C15CC(C(CC2CC34)C4C1)C(C3C5)C2,Diadamantane,Congressane,,289,DTXSID60177464,C1C2C3CC4CC5C(CC1CC53)C2C4,"InChI=1S/C14H20/c1-7-2-12-10-4-8-5-11(9(1)10)13(3-7)14(12)6-8/h7-14H,1-6H2",ZICQBHNGXDOVJF-UHFFFAOYSA-N,3.301,100140,<rdkit.Chem.rdchem.Mol object at 0x7f40c84089a0>,C1C2CC3C4CC5CC(C14)C(C2)C3C5
100141,2294-82-8,2294-82-8,CCC1C3=C(C=CC=C3)C2=C1C=CC=C2,9-Ethylfluorene,,,290,DTXSID10872977,CCC1c2ccccc2-c2ccccc21,"InChI=1S/C15H14/c1-2-11-12-7-3-5-9-14(12)15-10-6-4-8-13(11)15/h3-11H,2H2,1H3",QBBCCEYJCKGWIK-UHFFFAOYSA-N,1.4624,100141,<rdkit.Chem.rdchem.Mol object at 0x7f40c8408a00>,CCC1c2ccccc2-c2ccccc21
100143,2452-99-5,2452-99-5,C(CC1C)CC1C,"1,2-Dimethylcyclopentane",,,292,DTXSID80873330,CC1CCCC1C,"InChI=1S/C7H14/c1-6-4-3-5-7(6)2/h6-7H,3-5H2,1-2H3",RIRARCHMRDHZAR-UHFFFAOYSA-N,0.6021,100143,<rdkit.Chem.rdchem.Mol object at 0x7f40c8408a60>,CC1CCCC1C
100144,2453-00-1,2453-00-1,C1(C)CC(C)CC1,"1,3-Dimethylcyclopentane",,,293,DTXSID10871849,CC1CC(C)CC1,"InChI=1S/C7H14/c1-6-3-4-7(2)5-6/h6-7H,3-5H2,1-2H3",XAZKFISIRYLAEE-UHFFFAOYSA-N,0.6021,100144,<rdkit.Chem.rdchem.Mol object at 0x7f40c8408ac0>,CC1CCC(C)C1
100145,2531-84-2,2531-84-2,Cc1cc2ccc3ccccc3c2cc1,2-Methylphenanthrene,2-Methyl phenanthrene,2-methylphenanthrene,294,DTXSID1025649,Cc1cc2ccc3ccccc3c2cc1,"InChI=1S/C15H12/c1-11-6-9-15-13(10-11)8-7-12-4-2-3-5-14(12)15/h2-10H,1H3",KANLOADZXMMCQA-UHFFFAOYSA-N,1.3617,100145,<rdkit.Chem.rdchem.Mol object at 0x7f40c8408b20>,Cc1ccc2c(ccc3ccccc32)c1
100147,3221-61-2,3221-61-2,CC(C)CCCCCC,2-Methyloctane,,,296,DTXSID30863125,CCCCCCC(C)C,"InChI=1S/C9H20/c1-4-5-6-7-8-9(2)3/h9H,4-8H2,1-3H3",ZUBZATZOEPUUQF-UHFFFAOYSA-N,0.699,100147,<rdkit.Chem.rdchem.Mol object at 0x7f40c8408b80>,CCCCCCC(C)C
100149,3522-94-9,3522-94-9,CC(C)CCC(C)(C)C,"2,2,5-Trimethylhexane","Hexane, 2,2,5-trimethyl-","2,2,5-Trimethylhexane",297,DTXSID0073326,CC(C)CCC(C)(C)C,"InChI=1S/C9H20/c1-8(2)6-7-9(3,4)5/h8H,6-7H2,1-5H3",HHOSMYBYIHNXNO-UHFFFAOYSA-N,1.2553,100149,<rdkit.Chem.rdchem.Mol object at 0x7f40c8408be0>,CC(C)CCC(C)(C)C
100152,14167-59-0,14167-59-0,CCCCCCCCCCCCCCCCCCCCCCCCCCCCCCCCCC,n-Tetratriacontane,Tetratriacontane,Tetratriacontane,298,DTXSID7058622,CCCCCCCCCCCCCCCCCCCCCCCCCCCCCCCCCC,"InChI=1S/C34H70/c1-3-5-7-9-11-13-15-17-19-21-23-25-27-29-31-33-34-32-30-28-26-24-22-20-18-16-14-12-10-8-6-4-2/h3-34H2,1-2H3",GWVDBZWVFGFBCN-UHFFFAOYSA-N,2.5832,100152,<rdkit.Chem.rdchem.Mol object at 0x7f40c8408c40>,CCCCCCCCCCCCCCCCCCCCCCCCCCCCCCCCCC
100154,21964-49-8,21964-49-8,C=CCCCCCCCCCCC=C,"1,13-Tetradecadiene","Tetradeca-1,13-diene","Tetradeca-1,13-diene",300,DTXSID80176373,C=CCCCCCCCCCCC=C,"InChI=1S/C14H26/c1-3-5-7-9-11-13-14-12-10-8-6-4-2/h3-4H,1-2,5-14H2",XMRSTLBCBDIKFI-UHFFFAOYSA-N,1.1139,100154,<rdkit.Chem.rdchem.Mol object at 0x7f40c8408ca0>,C=CCCCCCCCCCCC=C
100161,30232-26-9,30232-26-9,Cc1cc2c(c3c1cccc3C)cccc2C,Trimethylphenanthrene,"Phenanthrene, trimethyl-","1,5,9-trimethylphenanthrene",302,DTXSID90184328,Cc1cc2c(cccc2C)c2c1cccc2C,"InChI=1S/C17H16/c1-11-6-4-9-15-16(11)10-13(3)14-8-5-7-12(2)17(14)15/h4-10H,1-3H3",RPXNJRYZAWDANB-UHFFFAOYSA-N,1.9191,100161,<rdkit.Chem.rdchem.Mol object at 0x7f40c8408d00>,Cc1cccc2c1cc(C)c1cccc(C)c12
