id,smiles,melting_point,mol,isosmiles
Abecarnil,COCc3c(ncc4[nH]c2ccc(OCc1ccccc1)cc2c34)C(=O)OC(C)C,150.0,<rdkit.Chem.rdchem.Mol object at 0x2ab956088be0>,COCc1c(C(=O)OC(C)C)ncc2[nH]c3ccc(OCc4ccccc4)cc3c12
Acebutolol,CCCC(=O)Nc1ccc(OCC(O)CNC(C)C)c(c1)C(C)=O,119.0,<rdkit.Chem.rdchem.Mol object at 0x2ab9560886a0>,CCCC(=O)Nc1ccc(OCC(O)CNC(C)C)c(C(C)=O)c1
Acecarbromal,CCC(Br)(CC)C(=O)NC(=O)NC(C)=O,109.0,<rdkit.Chem.rdchem.Mol object at 0x2ab956088b80>,CCC(Br)(CC)C(=O)NC(=O)NC(C)=O
Aceclofenac,OC(=O)COC(=O)Cc1ccccc1Nc2c(Cl)cccc2Cl,149.0,<rdkit.Chem.rdchem.Mol object at 0x2ab956088820>,O=C(O)COC(=O)Cc1ccccc1Nc1c(Cl)cccc1Cl
Acedapsone,CC(=O)Nc1ccc(cc1)S(=O)(=O)c2ccc(NC(C)=O)cc2,289.0,<rdkit.Chem.rdchem.Mol object at 0x2ab956088d60>,CC(=O)Nc1ccc(S(=O)(=O)c2ccc(NC(C)=O)cc2)cc1
Acediasulfone,Nc1ccc(cc1)S(=O)(=O)c2ccc(NCC(O)=O)cc2,194.0,<rdkit.Chem.rdchem.Mol object at 0x2ab956088ca0>,Nc1ccc(S(=O)(=O)c2ccc(NCC(=O)O)cc2)cc1
Aceglutamide,CC(=O)NC(CCC(N)=O)C(O)=O,197.0,<rdkit.Chem.rdchem.Mol object at 0x2ab956088f40>,CC(=O)NC(CCC(N)=O)C(=O)O
Acemetacin,COc3ccc2n(C(=O)c1ccc(Cl)cc1)c(C)c(CC(=O)OCC(O)=O)c2c3,150.0,<rdkit.Chem.rdchem.Mol object at 0x2ab956088ac0>,COc1ccc2c(c1)c(CC(=O)OCC(=O)O)c(C)n2C(=O)c1ccc(Cl)cc1
Acetaminophen,CC(=O)Nc1ccc(O)cc1,169.0,<rdkit.Chem.rdchem.Mol object at 0x2ab956088880>,CC(=O)Nc1ccc(O)cc1
Acetaminosalol,CC(=O)Nc2ccc(OC(=O)c1ccccc1O)cc2,187.0,<rdkit.Chem.rdchem.Mol object at 0x2ab956088760>,CC(=O)Nc1ccc(OC(=O)c2ccccc2O)cc1
Acetorphan,CC(=O)SCC(Cc1ccccc1)C(=O)NCC(=O)OCc2ccccc2,89.0,<rdkit.Chem.rdchem.Mol object at 0x2ab95608cdc0>,CC(=O)SCC(Cc1ccccc1)C(=O)NCC(=O)OCc1ccccc1
Acetylpheneturide,CCC(C(=O)NC(=O)NC(C)=O)c1ccccc1,100.0,<rdkit.Chem.rdchem.Mol object at 0x2ab95608ce80>,CCC(C(=O)NC(=O)NC(C)=O)c1ccccc1
AcetylsalicylicAcid,CC(=O)Oc1ccccc1C(O)=O,142.4,<rdkit.Chem.rdchem.Mol object at 0x2ab95608cd60>,CC(=O)Oc1ccccc1C(=O)O
Acyclovir,Nc2nc1n(COCCO)cnc1c(=O)[nH]2,255.0,<rdkit.Chem.rdchem.Mol object at 0x2ab95608c040>,Nc1nc2c(ncn2COCCO)c(=O)[nH]1
Acifran,CC1(OC(=CC1=O)C(O)=O)c2ccccc2,176.0,<rdkit.Chem.rdchem.Mol object at 0x2ab95608c160>,CC1(c2ccccc2)OC(C(=O)O)=CC1=O
Acitretin,COc1cc(C)c(C=CC(C)=CC=CC(C)=CC(O)=O)c(C)c1C,228.0,<rdkit.Chem.rdchem.Mol object at 0x2ab95608c2e0>,COc1cc(C)c(C=CC(C)=CC=CC(C)=CC(=O)O)c(C)c1C
Adrafinil,ONC(=O)CS(=O)C(c1ccccc1)c2ccccc2,159.0,<rdkit.Chem.rdchem.Mol object at 0x2ab95608c3a0>,O=C(CS(=O)C(c1ccccc1)c1ccccc1)NO
Ahistan,CN(C)CC(=O)N2c1ccccc1Sc3ccccc23,144.0,<rdkit.Chem.rdchem.Mol object at 0x2ab95608c5e0>,CN(C)CC(=O)N1c2ccccc2Sc2ccccc21
Albendazole,CCCSc2ccc1[nH]c(NC(=O)OC)nc1c2,208.0,<rdkit.Chem.rdchem.Mol object at 0x2ab95608c760>,CCCSc1ccc2[nH]c(NC(=O)OC)nc2c1
Albutoin,CC(C)CC1NC(=S)N(CC=C)C1=O,210.0,<rdkit.Chem.rdchem.Mol object at 0x2ab95608c820>,C=CCN1C(=O)C(CC(C)C)NC1=S
Alclofenac,OC(=O)Cc1ccc(OCC=C)c(Cl)c1,92.0,<rdkit.Chem.rdchem.Mol object at 0x2ab95608ca00>,C=CCOc1ccc(CC(=O)O)cc1Cl
Alibendol,COc1cc(CC=C)cc(C(=O)NCCO)c1O,95.0,<rdkit.Chem.rdchem.Mol object at 0x2ab95608cb80>,C=CCc1cc(OC)c(O)c(C(=O)NCCO)c1
Alizapiride,COc2cc1[nH]nnc1cc2C(=O)NCC3CCCN3CC=C,139.0,<rdkit.Chem.rdchem.Mol object at 0x2ab95608c460>,C=CCN1CCCC1CNC(=O)c1cc2nn[nH]c2cc1OC
Alpidem,CCCN(CCC)C(=O)Cc1c(nc2ccc(Cl)cn12)c3ccc(Cl)cc3,140.0,<rdkit.Chem.rdchem.Mol object at 0x2ab95608c880>,CCCN(CCC)C(=O)Cc1c(-c2ccc(Cl)cc2)nc2ccc(Cl)cn12
Amidephrine,CNCC(O)c1cccc(NS(C)(=O)=O)c1,159.0,<rdkit.Chem.rdchem.Mol object at 0x2ab95608c9a0>,CNCC(O)c1cccc(NS(C)(=O)=O)c1
Aminorex,NC1=NCC(O1)c2ccccc2,136.0,<rdkit.Chem.rdchem.Mol object at 0x2ab95608cbe0>,NC1=NCC(c2ccccc2)O1
Amisometradine,CC(=C)Cn1c(N)cc(=O)n(C)c1=O,175.0,<rdkit.Chem.rdchem.Mol object at 0x2ab956090100>,C=C(C)Cn1c(N)cc(=O)n(C)c1=O
Amphotalide,Nc3ccc(OCCCCCN2C(=O)c1ccccc1C2=O)cc3,113.0,<rdkit.Chem.rdchem.Mol object at 0x2ab956090160>,Nc1ccc(OCCCCCN2C(=O)c3ccccc3C2=O)cc1
Anileridine,CCOC(=O)C2(CCN(CCc1ccc(N)cc1)CC2)c3ccccc3,83.0,<rdkit.Chem.rdchem.Mol object at 0x2ab9560900a0>,CCOC(=O)C1(c2ccccc2)CCN(CCc2ccc(N)cc2)CC1
Antazoline,C3CN=C(CN(Cc1ccccc1)c2ccccc2)N3,120.0,<rdkit.Chem.rdchem.Mol object at 0x2ab956090460>,c1ccc(CN(CC2=NCCN2)c2ccccc2)cc1
Arprinocid,Nc2ncnc3n(Cc1c(F)cccc1Cl)cnc23,245.0,<rdkit.Chem.rdchem.Mol object at 0x2ab9560905e0>,Nc1ncnc2c1ncn2Cc1c(F)cccc1Cl
Atenolol,CC(C)NCC(O)COc1ccc(CC(N)=O)cc1,146.0,<rdkit.Chem.rdchem.Mol object at 0x2ab9560906a0>,CC(C)NCC(O)COc1ccc(CC(N)=O)cc1
Atropine,CN1C2CCC1CC(C2)OC(=O)C(CO)c3ccccc3,114.0,<rdkit.Chem.rdchem.Mol object at 0x2ab956090520>,CN1C2CCC1CC(OC(=O)C(CO)c1ccccc1)C2
Azacyclonol,OC(C1CCNCC1)(c2ccccc2)c3ccccc3,160.0,<rdkit.Chem.rdchem.Mol object at 0x2ab956090760>,OC(c1ccccc1)(c1ccccc1)C1CCNCC1
Bamipine,CN1CCC(CC1)N(Cc2ccccc2)c3ccccc3,114.0,<rdkit.Chem.rdchem.Mol object at 0x2ab956090880>,CN1CCC(N(Cc2ccccc2)c2ccccc2)CC1
Benactyzin,CCN(CC)CCOC(=O)C(O)(c1ccccc1)c2ccccc2,51.0,<rdkit.Chem.rdchem.Mol object at 0x2ab9560908e0>,CCN(CC)CCOC(=O)C(O)(c1ccccc1)c1ccccc1
Benperidol,Fc1ccc(cc1)C(=O)CCCN2CCC(CC2)n3c(=O)[nH]c4ccccc34,170.0,<rdkit.Chem.rdchem.Mol object at 0x2ab9560909a0>,O=C(CCCN1CCC(n2c(=O)[nH]c3ccccc32)CC1)c1ccc(F)cc1
Benzarone,CCc2oc1ccccc1c2C(=O)c3ccc(O)cc3,124.3,<rdkit.Chem.rdchem.Mol object at 0x2ab956090b20>,CCc1oc2ccccc2c1C(=O)c1ccc(O)cc1
Benzoic acid,OC(=O)c1ccccc1,122.4,<rdkit.Chem.rdchem.Mol object at 0x2ab956090be0>,O=C(O)c1ccccc1
Benzydamine,CN(C)CCCOc2nn(Cc1ccccc1)c3ccccc23,160.0,<rdkit.Chem.rdchem.Mol object at 0x2ab956090d60>,CN(C)CCCOc1nn(Cc2ccccc2)c2ccccc12
Bezafibrate,CC(C)(Oc2ccc(CCNC(=O)c1ccc(Cl)cc1)cc2)C(O)=O,186.0,<rdkit.Chem.rdchem.Mol object at 0x2ab956090e20>,CC(C)(Oc1ccc(CCNC(=O)c2ccc(Cl)cc2)cc1)C(=O)O
Bufexamac,CCCCOc1ccc(CC(=O)NO)cc1,153.0,<rdkit.Chem.rdchem.Mol object at 0x2ab956090ee0>,CCCCOc1ccc(CC(=O)NO)cc1
Bupivacaine,CCCCN1CCCCC1C(=O)Nc2c(C)cccc2C,107.0,<rdkit.Chem.rdchem.Mol object at 0x2ab956090fa0>,CCCCN1CCCCC1C(=O)Nc1c(C)cccc1C
Buprenorphine,COC12CCC3(CC1C(C)(O)C(C)(C)C)C4Cc6ccc(O)c7OC2C3(CCN4CC5CC5)c67,209.0,<rdkit.Chem.rdchem.Mol object at 0x2ab9560902e0>,COC12CCC3(CC1C(C)(O)C(C)(C)C)C1Cc4ccc(O)c5c4C3(CCN1CC1CC1)C2O5
Buramate,OCCOC(=O)NCc1ccccc1,40.0,<rdkit.Chem.rdchem.Mol object at 0x2ab956090700>,O=C(NCc1ccccc1)OCCO
Butalbital,CC(C)CC1(CC=C)C(=O)NC(=O)NC1=O,138.0,<rdkit.Chem.rdchem.Mol object at 0x2ab956090a60>,C=CCC1(CC(C)C)C(=O)NC(=O)NC1=O
CapobenicAcid,COc1cc(cc(OC)c1OC)C(=O)NCCCCCC(O)=O,121.0,<rdkit.Chem.rdchem.Mol object at 0x2ab956090b80>,COc1cc(C(=O)NCCCCCC(=O)O)cc(OC)c1OC
Carbamazepine,NC(=O)N2c1ccccc1C=Cc3ccccc23,190.0,<rdkit.Chem.rdchem.Mol object at 0x2ab956090e80>,NC(=O)N1c2ccccc2C=Cc2ccccc21
Carbaryl,CNC(=O)Oc1cccc2ccccc12,142.0,<rdkit.Chem.rdchem.Mol object at 0x2ab956090f40>,CNC(=O)Oc1cccc2ccccc12
Carbutamide,CCCCNC(=O)NS(=O)(=O)c1ccc(N)cc1,144.0,<rdkit.Chem.rdchem.Mol object at 0x2ab9558b50a0>,CCCCNC(=O)NS(=O)(=O)c1ccc(N)cc1
Carisoprodol,CCCC(C)(COC(N)=O)COC(=O)NC(C)C,92.0,<rdkit.Chem.rdchem.Mol object at 0x2ab9558b5100>,CCCC(C)(COC(N)=O)COC(=O)NC(C)C
Caroxazone,NC(=O)CN2Cc1ccccc1OC2=O,203.0,<rdkit.Chem.rdchem.Mol object at 0x2ab9558b5160>,NC(=O)CN1Cc2ccccc2OC1=O
Celiprolol,CCN(CC)C(=O)Nc1ccc(OCC(O)CNC(C)(C)C)c(c1)C(C)=O,110.0,<rdkit.Chem.rdchem.Mol object at 0x2ab9558b5220>,CCN(CC)C(=O)Nc1ccc(OCC(O)CNC(C)(C)C)c(C(C)=O)c1
Chlophedianol,CN(C)CCC(O)(c1ccccc1)c2ccccc2Cl,120.0,<rdkit.Chem.rdchem.Mol object at 0x2ab9558b52e0>,CN(C)CCC(O)(c1ccccc1)c1ccccc1Cl
Chlorazanil,Nc2ncnc(Nc1ccc(Cl)cc1)n2,233.0,<rdkit.Chem.rdchem.Mol object at 0x2ab9558b53a0>,Nc1ncnc(Nc2ccc(Cl)cc2)n1
Chloroquine,CCN(CC)CCCC(C)Nc1ccnc2cc(Cl)ccc12,87.0,<rdkit.Chem.rdchem.Mol object at 0x2ab9558b5400>,CCN(CC)CCCC(C)Nc1ccnc2cc(Cl)ccc12
Cimetidine,CNC(NCCSCc1nc[nH]c1C)=NC#N,141.0,<rdkit.Chem.rdchem.Mol object at 0x2ab9558b54c0>,CNC(=NC#N)NCCSCc1nc[nH]c1C
Ciprofloxacin,OC(=O)c4cn(C1CC1)c3cc(N2CCNCC2)c(F)cc3c4=O,266.0,<rdkit.Chem.rdchem.Mol object at 0x2ab9558b5580>,O=C(O)c1cn(C2CC2)c2cc(N3CCNCC3)c(F)cc2c1=O
Clebopride,COc1cc(N)c(Cl)cc1C(=O)NC2CCN(CC2)Cc3ccccc3,194.0,<rdkit.Chem.rdchem.Mol object at 0x2ab9558b5640>,COc1cc(N)c(Cl)cc1C(=O)NC1CCN(Cc2ccccc2)CC1
Clometacin,COc3ccc2c(C(=O)c1ccc(Cl)cc1)c(C)n(CC(O)=O)c2c3,242.0,<rdkit.Chem.rdchem.Mol object at 0x2ab9558b5700>,COc1ccc2c(C(=O)c3ccc(Cl)cc3)c(C)n(CC(=O)O)c2c1
Clonidine,Clc1cccc(Cl)c1N=C2NCCN2,130.0,<rdkit.Chem.rdchem.Mol object at 0x2ab9558b57c0>,Clc1cccc(Cl)c1N=C1NCCN1
Cloranolol,CC(C)(C)NCC(O)COc1cc(Cl)ccc1Cl,82.0,<rdkit.Chem.rdchem.Mol object at 0x2ab9558b5820>,CC(C)(C)NCC(O)COc1cc(Cl)ccc1Cl
Clotrimazole,Clc1ccccc1C(c2ccccc2)(c3ccccc3)n4ccnc4,147.0,<rdkit.Chem.rdchem.Mol object at 0x2ab9558b5880>,Clc1ccccc1C(c1ccccc1)(c1ccccc1)n1ccnc1
Dapiprazole,Cc1ccccc1N2CCN(CC2)CCc3nnc4CCCCn34,158.0,<rdkit.Chem.rdchem.Mol object at 0x2ab9558b58e0>,Cc1ccccc1N1CCN(CCc2nnc3n2CCCC3)CC1
Delavirdine,CC(C)Nc1cccnc1N2CCN(CC2)C(=O)c4cc3cc(NS(C)(=O)=O)ccc3[nH]4,226.0,<rdkit.Chem.rdchem.Mol object at 0x2ab9558b5940>,CC(C)Nc1cccnc1N1CCN(C(=O)c2cc3cc(NS(C)(=O)=O)ccc3[nH]2)CC1
Detomidine,Cc2cccc(Cc1c[nH]cn1)c2C,114.0,<rdkit.Chem.rdchem.Mol object at 0x2ab9558b59a0>,Cc1cccc(Cc2c[nH]cn2)c1C
Dextromoramide,CC(CN1CCOCC1)C(C(=O)N2CCCC2)(c3ccccc3)c4ccccc4,180.0,<rdkit.Chem.rdchem.Mol object at 0x2ab9558b5a00>,CC(CN1CCOCC1)C(C(=O)N1CCCC1)(c1ccccc1)c1ccccc1
Diaveridine,COc2ccc(Cc1cnc(N)nc1N)cc2OC,233.0,<rdkit.Chem.rdchem.Mol object at 0x2ab9558b5a60>,COc1ccc(Cc2cnc(N)nc2N)cc1OC
Dibenzepin,CN(C)CCN2C(=O)c1ccccc1N(C)c3ccccc23,116.0,<rdkit.Chem.rdchem.Mol object at 0x2ab9558b5ac0>,CN(C)CCN1C(=O)c2ccccc2N(C)c2ccccc21
Difenpiramide,O=C(Cc1ccc(cc1)c2ccccc2)Nc3ccccn3,122.0,<rdkit.Chem.rdchem.Mol object at 0x2ab9558b5b20>,O=C(Cc1ccc(-c2ccccc2)cc1)Nc1ccccn1
Diphemethoxidine,OCCN1CCCCC1C(c2ccccc2)c3ccccc3,106.0,<rdkit.Chem.rdchem.Mol object at 0x2ab9558b5b80>,OCCN1CCCCC1C(c1ccccc1)c1ccccc1
Econazole,Clc3ccc(COC(Cn1ccnc1)c2ccc(Cl)cc2Cl)cc3,86.8,<rdkit.Chem.rdchem.Mol object at 0x2ab9558b5be0>,Clc1ccc(COC(Cn2ccnc2)c2ccc(Cl)cc2Cl)cc1
Erdosteine,OC(=O)CSCC(=O)NC1CCSC1=O,156.0,<rdkit.Chem.rdchem.Mol object at 0x2ab9558b5c40>,O=C(O)CSCC(=O)NC1CCSC1=O
Erythromycin,CCC3OC(=O)C(C)C(OC1CC(C)(OC)C(O)C(C)O1)C(C)C(OC2OC(C)CC(C2O)N(C)C)C(C)(O)CC(C)C(=O)C(C)C(O)C3(C)O,135.0,<rdkit.Chem.rdchem.Mol object at 0x2ab9558b5ca0>,CCC1OC(=O)C(C)C(OC2CC(C)(OC)C(O)C(C)O2)C(C)C(OC2OC(C)CC(N(C)C)C2O)C(C)(O)CC(C)C(=O)C(C)C(O)C1(C)O
EthinylEstradiol,CC34CCC1C(CCc2cc(O)ccc12)C3CCC4(O)C#C,141.0,<rdkit.Chem.rdchem.Mol object at 0x2ab9558b5d00>,C#CC1(O)CCC2C3CCc4cc(O)ccc4C3CCC21C
Etisazol,CCNc1nsc2ccccc12,78.0,<rdkit.Chem.rdchem.Mol object at 0x2ab9558b5d60>,CCNc1nsc2ccccc12
Famotidine,NC(N)=Nc1nc(CSCCC(N)=NS(N)(=O)=O)cs1,163.0,<rdkit.Chem.rdchem.Mol object at 0x2ab9558b5dc0>,NC(N)=Nc1nc(CSCCC(N)=NS(N)(=O)=O)cs1
Febantel,COCC(=O)Nc2cc(Sc1ccccc1)ccc2N=C(NC(=O)OC)NC(=O)OC,129.0,<rdkit.Chem.rdchem.Mol object at 0x2ab9558b5e20>,COCC(=O)Nc1cc(Sc2ccccc2)ccc1N=C(NC(=O)OC)NC(=O)OC
Felbamate,NC(=O)OCC(COC(N)=O)c1ccccc1,151.0,<rdkit.Chem.rdchem.Mol object at 0x2ab9558b5e80>,NC(=O)OCC(COC(N)=O)c1ccccc1
Felodipine,CCOC(=O)C1=C(C)NC(=C(C1c2cccc(Cl)c2Cl)C(=O)OC)C,145.0,<rdkit.Chem.rdchem.Mol object at 0x2ab9558b5ee0>,CCOC(=O)C1=C(C)NC(C)=C(C(=O)OC)C1c1cccc(Cl)c1Cl
Fenpiprane,C1CCN(CC1)CCC(c2ccccc2)c3ccccc3,41.0,<rdkit.Chem.rdchem.Mol object at 0x2ab9558b5f40>,c1ccc(C(CCN2CCCCC2)c2ccccc2)cc1
Florfenicol,CS(=O)(=O)c1ccc(cc1)C(O)C(CF)NC(=O)C(Cl)Cl,153.0,<rdkit.Chem.rdchem.Mol object at 0x2ab9558b5fa0>,CS(=O)(=O)c1ccc(C(O)C(CF)NC(=O)C(Cl)Cl)cc1
Fluanisone,COc1ccccc1N3CCN(CCCC(=O)c2ccc(F)cc2)CC3,67.5,<rdkit.Chem.rdchem.Mol object at 0x2ab9556a5040>,COc1ccccc1N1CCN(CCCC(=O)c2ccc(F)cc2)CC1
Flumequine,CC1CCc2cc(F)cc3c(=O)c(cn1c23)C(O)=O,253.0,<rdkit.Chem.rdchem.Mol object at 0x2ab9556a50a0>,CC1CCc2cc(F)cc3c(=O)c(C(=O)O)cn1c23
Flumetramide,FC(F)(F)c1ccc(cc1)C2CNC(=O)CO2,115.5,<rdkit.Chem.rdchem.Mol object at 0x2ab9556a5100>,O=C1COC(c2ccc(C(F)(F)F)cc2)CN1
Flupirtine,CCOC(=O)Nc2ccc(NCc1ccc(F)cc1)nc2N,114.0,<rdkit.Chem.rdchem.Mol object at 0x2ab9556a5160>,CCOC(=O)Nc1ccc(NCc2ccc(F)cc2)nc1N
Flutoprazepam,Fc1ccccc1C3=NCC(=O)N(CC2CC2)c4ccc(Cl)cc34,118.0,<rdkit.Chem.rdchem.Mol object at 0x2ab9556a51c0>,O=C1CN=C(c2ccccc2F)c2cc(Cl)ccc2N1CC1CC1
Furonazide,CC(=NNC(=O)c1ccncc1)c2ccco2,199.0,<rdkit.Chem.rdchem.Mol object at 0x2ab9556a5220>,CC(=NNC(=O)c1ccncc1)c1ccco1
Gemfibrozil,Cc1ccc(C)c(OCCCC(C)(C)C(O)=O)c1,61.0,<rdkit.Chem.rdchem.Mol object at 0x2ab9556a5280>,Cc1ccc(C)c(OCCCC(C)(C)C(=O)O)c1
Glisoxepid,Cc1cc(no1)C(=O)NCCc2ccc(cc2)S(=O)(=O)NC(=O)NN3CCCCCC3,189.0,<rdkit.Chem.rdchem.Mol object at 0x2ab9556a52e0>,Cc1cc(C(=O)NCCc2ccc(S(=O)(=O)NC(=O)NN3CCCCCC3)cc2)no1
Glyburide,COc1ccc(Cl)cc1C(=O)NCCc2ccc(cc2)S(=O)(=O)NC(=O)NC3CCCCC3,169.0,<rdkit.Chem.rdchem.Mol object at 0x2ab9556a5340>,COc1ccc(Cl)cc1C(=O)NCCc1ccc(S(=O)(=O)NC(=O)NC2CCCCC2)cc1
Glymidine,COCCOc2cnc(NS(=O)(=O)c1ccccc1)nc2,152.0,<rdkit.Chem.rdchem.Mol object at 0x2ab9556a53a0>,COCCOc1cnc(NS(=O)(=O)c2ccccc2)nc1
Griseofulvin,COC1=CC(=O)CC(C)C13Oc2c(Cl)c(OC)cc(OC)c2C3=O,219.0,<rdkit.Chem.rdchem.Mol object at 0x2ab9556a5400>,COC1=CC(=O)CC(C)C12Oc1c(Cl)c(OC)cc(OC)c1C2=O
Guanoxan,NC(=N)NCC2COc1ccccc1O2,164.0,<rdkit.Chem.rdchem.Mol object at 0x2ab9556a5460>,N=C(N)NCC1COc2ccccc2O1
Haloperidol,OC2(CCN(CCCC(=O)c1ccc(F)cc1)CC2)c3ccc(Cl)cc3,148.0,<rdkit.Chem.rdchem.Mol object at 0x2ab9556a54c0>,O=C(CCCN1CCC(O)(c2ccc(Cl)cc2)CC1)c1ccc(F)cc1
Haloxazolam,Fc1ccccc1C23OCCN2CC(=O)Nc4ccc(Br)cc34,185.0,<rdkit.Chem.rdchem.Mol object at 0x2ab9556a5520>,O=C1CN2CCOC2(c2ccccc2F)c2cc(Br)ccc2N1
Hydrochlorothiazide,NS(=O)(=O)c2cc1c(NCNS1(=O)=O)cc2Cl,267.0,<rdkit.Chem.rdchem.Mol object at 0x2ab9556a5580>,NS(=O)(=O)c1cc2c(cc1Cl)NCNS2(=O)=O
Hydrocortisone,CC13CCC(=O)C=C1CCC4C2CCC(O)(C(=O)CO)C2(C)CC(O)C34,223.0,<rdkit.Chem.rdchem.Mol object at 0x2ab9556a55e0>,CC12CCC(=O)C=C1CCC1C2C(O)CC2(C)C1CCC2(O)C(=O)CO
Hydroflumethiazide,NS(=O)(=O)c2cc1c(NCNS1(=O)=O)cc2C(F)(F)F,272.0,<rdkit.Chem.rdchem.Mol object at 0x2ab9556a5640>,NS(=O)(=O)c1cc2c(cc1C(F)(F)F)NCNS2(=O)=O
Ibafloxacin,c1(c(c3c2c(c1)C(=O)C(=CN2C(CC3)C)C(=O)O)C)F,269.0,<rdkit.Chem.rdchem.Mol object at 0x2ab9556a56a0>,Cc1c(F)cc2c(=O)c(C(=O)O)cn3c2c1CCC3C
Ibuprofen,CC(C)Cc1ccc(cc1)C(C)C(O)=O,75.0,<rdkit.Chem.rdchem.Mol object at 0x2ab9556a5700>,CC(C)Cc1ccc(C(C)C(=O)O)cc1
Ifenprodil,CC(C(O)c1ccc(O)cc1)N2CCC(CC2)Cc3ccccc3,114.0,<rdkit.Chem.rdchem.Mol object at 0x2ab9556a5760>,CC(C(O)c1ccc(O)cc1)N1CCC(Cc2ccccc2)CC1
Indoramin,O=C(NC1CCN(CC1)CCc2c[nH]c3ccccc23)c4ccccc4,208.0,<rdkit.Chem.rdchem.Mol object at 0x2ab9556a57c0>,O=C(NC1CCN(CCc2c[nH]c3ccccc23)CC1)c1ccccc1
Irbesartan,CCCCC2=NC1(CCCC1)C(=O)N2Cc3ccc(cc3)c4ccccc4c5nnn[nH]5,180.0,<rdkit.Chem.rdchem.Mol object at 0x2ab9556a5820>,CCCCC1=NC2(CCCC2)C(=O)N1Cc1ccc(-c2ccccc2-c2nnn[nH]2)cc1
Isoniazid,NNC(=O)c1ccncc1,171.4,<rdkit.Chem.rdchem.Mol object at 0x2ab9556a5880>,NNC(=O)c1ccncc1
Isoxsuprine,CC(COc1ccccc1)NC(C)C(O)c2ccc(O)cc2,102.5,<rdkit.Chem.rdchem.Mol object at 0x2ab9556a58e0>,CC(COc1ccccc1)NC(C)C(O)c1ccc(O)cc1
Ketobemidone,CCC(=O)C1(CCN(C)CC1)c2cccc(O)c2,156.0,<rdkit.Chem.rdchem.Mol object at 0x2ab9556a5940>,CCC(=O)C1(c2cccc(O)c2)CCN(C)CC1
Ketoprofen,CC(C(O)=O)c1cccc(c1)C(=O)c2ccccc2,94.0,<rdkit.Chem.rdchem.Mol object at 0x2ab9556a59a0>,CC(C(=O)O)c1cccc(C(=O)c2ccccc2)c1
Letosteine,CCOC(=O)CSCCC1NC(CS1)C(O)=O,142.0,<rdkit.Chem.rdchem.Mol object at 0x2ab9556a5a00>,CCOC(=O)CSCCC1NC(C(=O)O)CS1
Letrozole,N#Cc1ccc(cc1)C(c2ccc(C#N)cc2)n3cncn3,181.0,<rdkit.Chem.rdchem.Mol object at 0x2ab9556a5a60>,N#Cc1ccc(C(c2ccc(C#N)cc2)n2cncn2)cc1
Lofexidine,CC(Oc1c(Cl)cccc1Cl)C2=NCCN2,126.0,<rdkit.Chem.rdchem.Mol object at 0x2ab9556a5ac0>,CC(Oc1c(Cl)cccc1Cl)C1=NCCN1
Lorazepam,OC3N=C(c1ccccc1Cl)c2cc(Cl)ccc2NC3=O,166.0,<rdkit.Chem.rdchem.Mol object at 0x2ab9556a5b20>,O=C1Nc2ccc(Cl)cc2C(c2ccccc2Cl)=NC1O
Lotrifen,Clc1ccc(cc1)c4nc3c2ccccc2ccn3n4,238.0,<rdkit.Chem.rdchem.Mol object at 0x2ab9556a5b80>,Clc1ccc(-c2nc3c4ccccc4ccn3n2)cc1
Medmain,CCc1c(C)[nH]c2ccc(cc12)N(C)C,100.0,<rdkit.Chem.rdchem.Mol object at 0x2ab9556a5be0>,CCc1c(C)[nH]c2ccc(N(C)C)cc12
MelengestrolAcetate,CC(=O)OC3(C(C)=O)C(=C)CC4C2C=C(C)C1=CC(=O)CCC1(C)C2CCC34C,224.0,<rdkit.Chem.rdchem.Mol object at 0x2ab9556a5c40>,C=C1CC2C3C=C(C)C4=CC(=O)CCC4(C)C3CCC2(C)C1(OC(C)=O)C(C)=O
Mepiprazole,Cc3cc(CCN1CCN(CC1)c2cccc(Cl)c2)n[nH]3,106.0,<rdkit.Chem.rdchem.Mol object at 0x2ab9556a5ca0>,Cc1cc(CCN2CCN(c3cccc(Cl)c3)CC2)n[nH]1
Metaproterenol,CC(C)NCC(O)c1cc(O)cc(O)c1,100.0,<rdkit.Chem.rdchem.Mol object at 0x2ab9556a5d00>,CC(C)NCC(O)c1cc(O)cc(O)c1
Methallatal,C1(=O)C(CC)(CC(=C)C)C(=O)NC(=S)N1,160.0,<rdkit.Chem.rdchem.Mol object at 0x2ab9556a5d60>,C=C(C)CC1(CC)C(=O)NC(=S)NC1=O
Metizoline,Cc2sc1ccccc1c2CC3=NCCN3,156.0,<rdkit.Chem.rdchem.Mol object at 0x2ab9556a5dc0>,Cc1sc2ccccc2c1CC1=NCCN1
Metoclopramide,CCN(CC)CCNC(=O)c1cc(Cl)c(N)cc1OC,146.5,<rdkit.Chem.rdchem.Mol object at 0x2ab9556a5e20>,CCN(CC)CCNC(=O)c1cc(Cl)c(N)cc1OC
Metopimazine,CS(=O)(=O)c4ccc3Sc1ccccc1N(CCCN2CCC(CC2)C(N)=O)c3c4,170.0,<rdkit.Chem.rdchem.Mol object at 0x2ab9556a5e80>,CS(=O)(=O)c1ccc2c(c1)N(CCCN1CCC(C(N)=O)CC1)c1ccccc1S2
Modafinil,NC(=O)CS(=O)C(c1ccccc1)c2ccccc2,164.0,<rdkit.Chem.rdchem.Mol object at 0x2ab9556a5ee0>,NC(=O)CS(=O)C(c1ccccc1)c1ccccc1
Molindone,CCc2c(C)[nH]c3CCC(CN1CCOCC1)C(=O)c23,180.0,<rdkit.Chem.rdchem.Mol object at 0x2ab9556a5f40>,CCc1c(C)[nH]c2c1C(=O)C(CN1CCOCC1)CC2
Moperone,Cc1ccc(cc1)C3(O)CCN(CCCC(=O)c2ccc(F)cc2)CC3,118.0,<rdkit.Chem.rdchem.Mol object at 0x2ab9556a5fa0>,Cc1ccc(C2(O)CCN(CCCC(=O)c3ccc(F)cc3)CC2)cc1
Morazone,CC1C(OCCN1Cc3c(C)n(C)n(c2ccccc2)c3=O)c4ccccc4,149.0,<rdkit.Chem.rdchem.Mol object at 0x2ab9556d6040>,Cc1c(CN2CCOC(c3ccccc3)C2C)c(=O)n(-c2ccccc2)n1C
Moxaverine,CCc3cc1cc(OC)c(OC)cc1c(Cc2ccccc2)n3,78.0,<rdkit.Chem.rdchem.Mol object at 0x2ab9556d60a0>,CCc1cc2cc(OC)c(OC)cc2c(Cc2ccccc2)n1
Moxestrol,COC3CC1(C)C(CCC1(O)C#C)C4CCc2cc(O)ccc2C34,280.0,<rdkit.Chem.rdchem.Mol object at 0x2ab9556d6100>,C#CC1(O)CCC2C3CCc4cc(O)ccc4C3C(OC)CC21C
Nadolol,CC(C)(C)NCC(O)COc1cccc2CC(O)C(O)Cc12,124.0,<rdkit.Chem.rdchem.Mol object at 0x2ab9556d6160>,CC(C)(C)NCC(O)COc1cccc2c1CC(O)C(O)C2
Naproxen,COc2ccc1cc(ccc1c2)C(C)C(O)=O,152.0,<rdkit.Chem.rdchem.Mol object at 0x2ab9556d61c0>,COc1ccc2cc(C(C)C(=O)O)ccc2c1
Novonal,CCC(CC)(CC=C)C(N)=O,75.0,<rdkit.Chem.rdchem.Mol object at 0x2ab9556d6220>,C=CCC(CC)(CC)C(N)=O
Noxythiolin,OCNC(=S)NC,88.0,<rdkit.Chem.rdchem.Mol object at 0x2ab9556d6280>,CNC(=S)NCO
Omeprazole,COc2ccc1[nH]c(nc1c2)S(=O)Cc3ncc(C)c(OC)c3C,156.0,<rdkit.Chem.rdchem.Mol object at 0x2ab9556d62e0>,COc1ccc2[nH]c(S(=O)Cc3ncc(C)c(OC)c3C)nc2c1
Orotic acid,OC(=O)c1cc(=O)[nH]c(=O)[nH]1,345.0,<rdkit.Chem.rdchem.Mol object at 0x2ab9556d6340>,O=C(O)c1cc(=O)[nH]c(=O)[nH]1
Oxazepam,OC3N=C(c1ccccc1)c2cc(Cl)ccc2NC3=O,205.0,<rdkit.Chem.rdchem.Mol object at 0x2ab9556d63a0>,O=C1Nc2ccc(Cl)cc2C(c2ccccc2)=NC1O
Oxibendazole,CCCOc2ccc1[nH]c(NC(=O)OC)nc1c2,230.0,<rdkit.Chem.rdchem.Mol object at 0x2ab9556d6400>,CCCOc1ccc2[nH]c(NC(=O)OC)nc2c1
Pentifylline,OC4CCN(CCCN2c1ccccc1Sc3ccc(C#N)cc23)CC4,82.0,<rdkit.Chem.rdchem.Mol object at 0x2ab9556d6460>,N#Cc1ccc2c(c1)N(CCCN1CCC(O)CC1)c1ccccc1S2
Perphenazine,OCCN4CCN(CCCN2c1ccccc1Sc3ccc(Cl)cc23)CC4,94.0,<rdkit.Chem.rdchem.Mol object at 0x2ab9556d64c0>,OCCN1CCN(CCCN2c3ccccc3Sc3ccc(Cl)cc32)CC1
Phenallymal,C=CCC1(C(=O)NC(=O)NC1=O)c2ccccc2,156.0,<rdkit.Chem.rdchem.Mol object at 0x2ab9556d6520>,C=CCC1(c2ccccc2)C(=O)NC(=O)NC1=O
Phencarbamide,CCN(CC)CCSC(=O)N(c1ccccc1)c2ccccc2,48.0,<rdkit.Chem.rdchem.Mol object at 0x2ab9556d6580>,CCN(CC)CCSC(=O)N(c1ccccc1)c1ccccc1
Phenindamine,CN1CCC3=C(C1)C(c2ccccc2)c4ccccc34,91.0,<rdkit.Chem.rdchem.Mol object at 0x2ab9556d65e0>,CN1CCC2=C(C1)C(c1ccccc1)c1ccccc12
Phenocoll,CCOc1ccc(NC(=O)CN)cc1,100.5,<rdkit.Chem.rdchem.Mol object at 0x2ab9556d6640>,CCOc1ccc(NC(=O)CN)cc1
Phenopyrazone,O=C1NN(C(=O)C1c2ccccc2)c3ccccc3,233.0,<rdkit.Chem.rdchem.Mol object at 0x2ab9556d66a0>,O=C1NN(c2ccccc2)C(=O)C1c1ccccc1
Pindolol,CC(C)NCC(O)COc1cccc2[nH]ccc12,170.0,<rdkit.Chem.rdchem.Mol object at 0x2ab9556d6700>,CC(C)NCC(O)COc1cccc2[nH]ccc12
Piperidione,CCC1(CC)C(=O)CCNC1=O,102.0,<rdkit.Chem.rdchem.Mol object at 0x2ab9556d6760>,CCC1(CC)C(=O)CCNC1=O
Pipobroman,BrCCC(=O)N1CCN(CC1)C(=O)CCBr,106.0,<rdkit.Chem.rdchem.Mol object at 0x2ab9556d67c0>,O=C(CCBr)N1CCN(C(=O)CCBr)CC1
Piposulfan,CS(=O)(=O)OCCC(=O)N1CCN(CC1)C(=O)CCOS(C)(=O)=O,175.0,<rdkit.Chem.rdchem.Mol object at 0x2ab9556d6820>,CS(=O)(=O)OCCC(=O)N1CCN(C(=O)CCOS(C)(=O)=O)CC1
Piprozolin,CCOC(=O)C=C2SC(N1CCCCC1)C(=O)N2CC,86.0,<rdkit.Chem.rdchem.Mol object at 0x2ab9556d6880>,CCOC(=O)C=C1SC(N2CCCCC2)C(=O)N1CC
Piroxicam,CN2C(=C(O)c1ccccc1S2(=O)=O)C(=O)Nc3ccccn3,198.0,<rdkit.Chem.rdchem.Mol object at 0x2ab9556d68e0>,CN1C(C(=O)Nc2ccccn2)=C(O)c2ccccc2S1(=O)=O
Pirozadil,COc1cc(cc(OC)c1OC)C(=O)OCc3cccc(COC(=O)c2cc(OC)c(OC)c(OC)c2)n3,119.0,<rdkit.Chem.rdchem.Mol object at 0x2ab9556d6940>,COc1cc(C(=O)OCc2cccc(COC(=O)c3cc(OC)c(OC)c(OC)c3)n2)cc(OC)c1OC
Praziquantel,O=C1CN(CC2N1CCc3ccccc23)C(=O)C4CCCCC4,136.0,<rdkit.Chem.rdchem.Mol object at 0x2ab9556d69a0>,O=C(C1CCCCC1)N1CC(=O)N2CCc3ccccc3C2C1
Prazosin,COc2cc1nc(nc(N)c1cc2OC)N3CCN(CC3)C(=O)c4ccco4,285.0,<rdkit.Chem.rdchem.Mol object at 0x2ab9556d6a00>,COc1cc2nc(N3CCN(C(=O)c4ccco4)CC3)nc(N)c2cc1OC
Pridinol,OC(CCN1CCCCC1)(c2ccccc2)c3ccccc3,120.0,<rdkit.Chem.rdchem.Mol object at 0x2ab9556d6a60>,OC(CCN1CCCCC1)(c1ccccc1)c1ccccc1
Promethazine,CC(CN2c1ccccc1Sc3ccccc23)N(C)C,60.0,<rdkit.Chem.rdchem.Mol object at 0x2ab9556d6ac0>,CC(CN1c2ccccc2Sc2ccccc21)N(C)C
Propallylonal,CC(C)C1(CC(Br)=C)C(=O)NC(=O)NC1=O,177.0,<rdkit.Chem.rdchem.Mol object at 0x2ab9556d6b20>,C=C(Br)CC1(C(C)C)C(=O)NC(=O)NC1=O
Propoxyphene,CCC(=O)OC(Cc1ccccc1)(C(C)CN(C)C)c2ccccc2,75.0,<rdkit.Chem.rdchem.Mol object at 0x2ab9556d6b80>,CCC(=O)OC(Cc1ccccc1)(c1ccccc1)C(C)CN(C)C
Propranolol,CC(C)NCC(O)COc1cccc2ccccc12,162.0,<rdkit.Chem.rdchem.Mol object at 0x2ab9556d6be0>,CC(C)NCC(O)COc1cccc2ccccc12
Pyrazinamide,NC(=O)c1cnccn1,189.0,<rdkit.Chem.rdchem.Mol object at 0x2ab9556d6c40>,NC(=O)c1cnccn1
Ranitidine,CNC(NCCSCc1ccc(CN(C)C)o1)=CN(=O)=O,69.0,<rdkit.Chem.rdchem.Mol object at 0x2ab9556d6ca0>,CNC(=C[N+](=O)[O-])NCCSCc1ccc(CN(C)C)o1
Salicylic acid,OC(=O)c1ccccc1O,157.0,<rdkit.Chem.rdchem.Mol object at 0x2ab9556d6d00>,O=C(O)c1ccccc1O
Seratrodast,CC1=C(C)C(=O)C(=C(C)C1=O)C(CCCCCC(O)=O)c2ccccc2,128.0,<rdkit.Chem.rdchem.Mol object at 0x2ab9556d6d60>,CC1=C(C)C(=O)C(C(CCCCCC(=O)O)c2ccccc2)=C(C)C1=O
Sertaconazole,Clc4ccc(C(Cn1ccnc1)OCc2csc3c(Cl)cccc23)c(Cl)c4,146.0,<rdkit.Chem.rdchem.Mol object at 0x2ab9556d6dc0>,Clc1ccc(C(Cn2ccnc2)OCc2csc3c(Cl)cccc23)c(Cl)c1
Spiperone,Fc1ccc(cc1)C(=O)CCCN2CCC3(CC2)N(CNC3=O)c4ccccc4,190.0,<rdkit.Chem.rdchem.Mol object at 0x2ab9556d6e20>,O=C(CCCN1CCC2(CC1)C(=O)NCN2c1ccccc1)c1ccc(F)cc1
Succisulfone,Nc1ccc(cc1)S(=O)(=O)c2ccc(NC(=O)CCC(O)=O)cc2,157.0,<rdkit.Chem.rdchem.Mol object at 0x2ab9556d6e80>,Nc1ccc(S(=O)(=O)c2ccc(NC(=O)CCC(=O)O)cc2)cc1
Sulfamerazine,Cc2ccnc(NS(=O)(=O)c1ccc(N)cc1)n2,234.0,<rdkit.Chem.rdchem.Mol object at 0x2ab9556d6ee0>,Cc1ccnc(NS(=O)(=O)c2ccc(N)cc2)n1
Sulpiride,CCN1CCCC1CNC(=O)c2cc(ccc2OC)S(N)(=O)=O,178.0,<rdkit.Chem.rdchem.Mol object at 0x2ab9556d6f40>,CCN1CCCC1CNC(=O)c1cc(S(N)(=O)=O)ccc1OC
Tamoxifen,CCC(=C(c1ccccc1)c2ccc(OCCN(C)C)cc2)c3ccccc3,96.0,<rdkit.Chem.rdchem.Mol object at 0x2ab9556d6fa0>,CCC(=C(c1ccccc1)c1ccc(OCCN(C)C)cc1)c1ccccc1
Taurolidine,O=S1(=O)CCN(CN1)CN2CCS(=O)(=O)NC2,154.0,<rdkit.Chem.rdchem.Mol object at 0x2ab9556aa040>,O=S1(=O)CCN(CN2CCS(=O)(=O)NC2)CN1
Theophylline,Cn2c(=O)n(C)c1nc[nH]c1c2=O,270.0,<rdkit.Chem.rdchem.Mol object at 0x2ab9556aa0a0>,Cn1c(=O)c2[nH]cnc2n(C)c1=O
Thialbarbital,C=CCC2(C1CCCC=C1)C(=O)NC(=S)NC2=O,148.0,<rdkit.Chem.rdchem.Mol object at 0x2ab9556aa100>,C=CCC1(C2C=CCCC2)C(=O)NC(=S)NC1=O
Thozalinone,CN(C)C1=NC(=O)C(O1)c2ccccc2,133.0,<rdkit.Chem.rdchem.Mol object at 0x2ab9556aa160>,CN(C)C1=NC(=O)C(c2ccccc2)O1
Tolrestat,COc2ccc1c(cccc1c2C(F)(F)F)C(=S)N(C)CC(O)=O,164.0,<rdkit.Chem.rdchem.Mol object at 0x2ab9556aa1c0>,COc1ccc2c(C(=S)N(C)CC(=O)O)cccc2c1C(F)(F)F
Toremifene,CN(C)CCOc1ccc(cc1)C(=C(CCCl)c2ccccc2)c3ccccc3,108.0,<rdkit.Chem.rdchem.Mol object at 0x2ab9556aa220>,CN(C)CCOc1ccc(C(=C(CCCl)c2ccccc2)c2ccccc2)cc1
Tropicamide,CCN(Cc1ccncc1)C(=O)C(CO)c2ccccc2,96.0,<rdkit.Chem.rdchem.Mol object at 0x2ab9556aa280>,CCN(Cc1ccncc1)C(=O)C(CO)c1ccccc1
Tyramine,NCCc1ccc(O)cc1,164.0,<rdkit.Chem.rdchem.Mol object at 0x2ab9556aa2e0>,NCCc1ccc(O)cc1
Urapidil,COc1ccccc1N3CCN(CCCNc2cc(=O)n(C)c(=O)n2C)CC3,156.0,<rdkit.Chem.rdchem.Mol object at 0x2ab9556aa340>,COc1ccccc1N1CCN(CCCNc2cc(=O)n(C)c(=O)n2C)CC1
Valsartan,CCCCC(=O)N(Cc1ccc(cc1)c2ccccc2c3nnn[nH]3)C(C(C)C)C(O)=O,116.0,<rdkit.Chem.rdchem.Mol object at 0x2ab9556aa3a0>,CCCCC(=O)N(Cc1ccc(-c2ccccc2-c2nnn[nH]2)cc1)C(C(=O)O)C(C)C
Velnacrine,Nc2c1C(O)CCCc1nc3ccccc23,245.0,<rdkit.Chem.rdchem.Mol object at 0x2ab9556aa400>,Nc1c2c(nc3ccccc13)CCCC2O
Vinylbital,CCCC(C)C1(C=C)C(=O)NC(=O)NC1=O,90.0,<rdkit.Chem.rdchem.Mol object at 0x2ab9556aa460>,C=CC1(C(C)CCC)C(=O)NC(=O)NC1=O
Warfarin,CC(=O)CC(c1ccccc1)c3c(O)c2ccccc2oc3=O,161.0,<rdkit.Chem.rdchem.Mol object at 0x2ab9556aa4c0>,CC(=O)CC(c1ccccc1)c1c(O)c2ccccc2oc1=O
Xibenolol,Cc1cccc(OCC(O)CNC(C)(C)C)c1C,57.0,<rdkit.Chem.rdchem.Mol object at 0x2ab9556aa520>,Cc1cccc(OCC(O)CNC(C)(C)C)c1C
Zafirlukast,COc1cc(ccc1Cc3cn(C)c4ccc(NC(=O)OC2CCCC2)cc34)C(=O)NS(=O)(=O)c5ccccc5C,138.0,<rdkit.Chem.rdchem.Mol object at 0x2ab9556aa580>,COc1cc(C(=O)NS(=O)(=O)c2ccccc2C)ccc1Cc1cn(C)c2ccc(NC(=O)OC3CCCC3)cc12
Zipeprol,COC(CN1CCN(CC1)CC(O)C(OC)c2ccccc2)c3ccccc3,83.0,<rdkit.Chem.rdchem.Mol object at 0x2ab9556aa5e0>,COC(CN1CCN(CC(O)C(OC)c2ccccc2)CC1)c1ccccc1
Zomepirac,Cc1cc(CC(O)=O)n(C)c1C(=O)c2ccc(Cl)cc2,178.0,<rdkit.Chem.rdchem.Mol object at 0x2ab9556aa640>,Cc1cc(CC(=O)O)n(C)c1C(=O)c1ccc(Cl)cc1
Zopolrestat,OC(=O)Cc3nn(Cc2nc1cc(ccc1s2)C(F)(F)F)c(=O)c4ccccc34,197.0,<rdkit.Chem.rdchem.Mol object at 0x2ab9556aa6a0>,O=C(O)Cc1nn(Cc2nc3cc(C(F)(F)F)ccc3s2)c(=O)c2ccccc12
Zoxazolamine,Nc2nc1cc(Cl)ccc1o2,184.0,<rdkit.Chem.rdchem.Mol object at 0x2ab9556aa700>,Nc1nc2cc(Cl)ccc2o1
Acefylline,Cn2c(=O)n(C)c1ncn(CC(O)=O)c1c2=O,271.0,<rdkit.Chem.rdchem.Mol object at 0x2ab9556aa760>,Cn1c(=O)c2c(ncn2CC(=O)O)n(C)c1=O
Acetohexamide,CC(=O)c1ccc(cc1)S(=O)(=O)NC(=O)NC2CCCCC2,188.0,<rdkit.Chem.rdchem.Mol object at 0x2ab9556aa7c0>,CC(=O)c1ccc(S(=O)(=O)NC(=O)NC2CCCCC2)cc1
Amobarbital,CCC1(CCC(C)C)C(=O)NC(=O)NC1=O,156.0,<rdkit.Chem.rdchem.Mol object at 0x2ab9556aa820>,CCC1(CCC(C)C)C(=O)NC(=O)NC1=O
Amphenidone,Nc1cccc(c1)n2ccccc2=O,182.5,<rdkit.Chem.rdchem.Mol object at 0x2ab9556aa880>,Nc1cccc(-n2ccccc2=O)c1
Amphetaminil,CC(Cc1ccccc1)NC(C#N)c2ccccc2,85.0,<rdkit.Chem.rdchem.Mol object at 0x2ab9556aa8e0>,CC(Cc1ccccc1)NC(C#N)c1ccccc1
Apazone,CCCC1C(=O)N3N(C1=O)c2cc(C)ccc2N=C3N(C)C,228.0,<rdkit.Chem.rdchem.Mol object at 0x2ab9556aa940>,CCCC1C(=O)N2C(N(C)C)=Nc3ccc(C)cc3N2C1=O
Astemizole,COc5ccc(CCN1CCC(CC1)Nc3nc2ccccc2n3Cc4ccc(F)cc4)cc5,149.1,<rdkit.Chem.rdchem.Mol object at 0x2ab9556aa9a0>,COc1ccc(CCN2CCC(Nc3nc4ccccc4n3Cc3ccc(F)cc3)CC2)cc1
Bamethan,CCCCNCC(O)c1ccc(O)cc1,123.5,<rdkit.Chem.rdchem.Mol object at 0x2ab9556aaa00>,CCCCNCC(O)c1ccc(O)cc1
Benzetimide,O=C3CCC(C1CCN(CC1)Cc2ccccc2)(C(=O)N3)c4ccccc4,156.0,<rdkit.Chem.rdchem.Mol object at 0x2ab9556aaa60>,O=C1CCC(c2ccccc2)(C2CCN(Cc3ccccc3)CC2)C(=O)N1
Bucetin,CCOc1ccc(NC(=O)CC(C)O)cc1,160.0,<rdkit.Chem.rdchem.Mol object at 0x2ab9556aaac0>,CCOc1ccc(NC(=O)CC(C)O)cc1
Cetoxime,NC(CN(Cc1ccccc1)c2ccccc2)=NO,107.0,<rdkit.Chem.rdchem.Mol object at 0x2ab9556aab20>,NC(CN(Cc1ccccc1)c1ccccc1)=NO
DimecroticAcid,COc1ccc(C(C)=CC(O)=O)c(OC)c1,149.0,<rdkit.Chem.rdchem.Mol object at 0x2ab9556aab80>,COc1ccc(C(C)=CC(=O)O)c(OC)c1
Doxofylline,Cn3c(=O)n(C)c2ncn(CC1OCCO1)c2c3=O,144.0,<rdkit.Chem.rdchem.Mol object at 0x2ab9556aabe0>,Cn1c(=O)c2c(ncn2CC2OCCO2)n(C)c1=O
Erythrocentaurin,c1cc(C=O)c2CCOC(c2c1)=O,140.0,<rdkit.Chem.rdchem.Mol object at 0x2ab9556aac40>,O=Cc1cccc2c1CCOC2=O
Ethopropazine,CCN(CC)C(C)CN2c1ccccc1Sc3ccccc23,53.0,<rdkit.Chem.rdchem.Mol object at 0x2ab9556aaca0>,CCN(CC)C(C)CN1c2ccccc2Sc2ccccc21
Fadrozole,N#Cc1ccc(cc1)C2CCCc3cncn23,117.0,<rdkit.Chem.rdchem.Mol object at 0x2ab9556aad00>,N#Cc1ccc(C2CCCc3cncn32)cc1
Fentanyl,CCC(=O)N(C1CCN(CC1)CCc2ccccc2)c3ccccc3,83.0,<rdkit.Chem.rdchem.Mol object at 0x2ab9556aad60>,CCC(=O)N(c1ccccc1)C1CCN(CCc2ccccc2)CC1
Fexofenadine,CC(C)(C(O)=O)c1ccc(cc1)C(O)CCCN2CCC(CC2)C(O)(c3ccccc3)c4ccccc4,142.0,<rdkit.Chem.rdchem.Mol object at 0x2ab9556aadc0>,CC(C)(C(=O)O)c1ccc(C(O)CCCN2CCC(C(O)(c3ccccc3)c3ccccc3)CC2)cc1
Flurbiprofen,CC(C(O)=O)c1ccc(c(F)c1)c2ccccc2,110.0,<rdkit.Chem.rdchem.Mol object at 0x2ab9556aae20>,CC(C(=O)O)c1ccc(-c2ccccc2)c(F)c1
Fosfosal,OC(=O)c1ccccc1OP(O)(O)=O,168.0,<rdkit.Chem.rdchem.Mol object at 0x2ab9556aae80>,O=C(O)c1ccccc1OP(=O)(O)O
Glibornuride,Cc1ccc(cc1)S(=O)(=O)NC(=O)NC2C(O)C3(C)CCC2C3(C)C,192.0,<rdkit.Chem.rdchem.Mol object at 0x2ab9556aaee0>,Cc1ccc(S(=O)(=O)NC(=O)NC2C3CCC(C)(C2O)C3(C)C)cc1
Halazepam,FC(F)(F)CN2C(=O)CN=C(c1ccccc1)c3cc(Cl)ccc23,164.0,<rdkit.Chem.rdchem.Mol object at 0x2ab9556aaf40>,O=C1CN=C(c2ccccc2)c2cc(Cl)ccc2N1CC(F)(F)F
Heptabarbital,CCC1(C(=O)NC(=O)NC1=O)C2=CCCCCC2,174.0,<rdkit.Chem.rdchem.Mol object at 0x2ab9556aafa0>,CCC1(C2=CCCCCC2)C(=O)NC(=O)NC1=O
Hycanthone,CCN(CC)CCNc2ccc(CO)c3sc1ccccc1c(=O)c23,100.6,<rdkit.Chem.rdchem.Mol object at 0x2ab9556d9040>,CCN(CC)CCNc1ccc(CO)c2sc3ccccc3c(=O)c12
Hymecromone,CC1CCc2c(C)c(F)cc3c(=O)c(cn1c23)C(O)=O,194.0,<rdkit.Chem.rdchem.Mol object at 0x2ab9556d90a0>,Cc1c(F)cc2c(=O)c(C(=O)O)cn3c2c1CCC3C
Ipriflavone,CC(C)Oc2ccc1c(=O)c(coc1c2)c3ccccc3,115.0,<rdkit.Chem.rdchem.Mol object at 0x2ab9556d9100>,CC(C)Oc1ccc2c(=O)c(-c3ccccc3)coc2c1
Ipsapirone,O=C3N(CCCCN1CCN(CC1)c2ncccn2)S(=O)(=O)c4ccccc34,137.0,<rdkit.Chem.rdchem.Mol object at 0x2ab956088700>,O=C1c2ccccc2S(=O)(=O)N1CCCCN1CCN(c2ncccn2)CC1
Isbogrel,OC(=O)CCCCC=C(c1ccccc1)c2cccnc2,114.0,<rdkit.Chem.rdchem.Mol object at 0x2ab9556d9160>,O=C(O)CCCCC=C(c1ccccc1)c1cccnc1
Isosorbide,OC1COC2C(O)COC12,61.0,<rdkit.Chem.rdchem.Mol object at 0x2ab9556d91c0>,OC1COC2C(O)COC12
Ketoconazole,CC(=O)N1CCN(CC1)c5ccc(OCC3COC(Cn2ccnc2)(O3)c4ccc(Cl)cc4Cl)cc5,146.0,<rdkit.Chem.rdchem.Mol object at 0x2ab9556d9220>,CC(=O)N1CCN(c2ccc(OCC3COC(Cn4ccnc4)(c4ccc(Cl)cc4Cl)O3)cc2)CC1
Lidoflazine,Cc1cccc(C)c1NC(=O)CN4CCN(CCCC(c2ccc(F)cc2)c3ccc(F)cc3)CC4,159.0,<rdkit.Chem.rdchem.Mol object at 0x2ab9556d9280>,Cc1cccc(C)c1NC(=O)CN1CCN(CCCC(c2ccc(F)cc2)c2ccc(F)cc2)CC1
Limaprost,CCCCC(C)CC(O)C=CC1C(O)CC(=O)C1CCCCC=CC(O)=O,97.0,<rdkit.Chem.rdchem.Mol object at 0x2ab9556d92e0>,CCCCC(C)CC(O)C=CC1C(O)CC(=O)C1CCCCC=CC(=O)O
Lonidamine,OC(=O)c2nn(Cc1ccc(Cl)cc1Cl)c3ccccc23,207.0,<rdkit.Chem.rdchem.Mol object at 0x2ab9556d9340>,O=C(O)c1nn(Cc2ccc(Cl)cc2Cl)c2ccccc12
Mafenide,NCc1ccc(cc1)S(N)(=O)=O,151.0,<rdkit.Chem.rdchem.Mol object at 0x2ab9556d93a0>,NCc1ccc(S(N)(=O)=O)cc1
Maprotiline,CNCCCC13CCC(c2ccccc12)c4ccccc34,92.0,<rdkit.Chem.rdchem.Mol object at 0x2ab9556d9400>,CNCCCC12CCC(c3ccccc31)c1ccccc12
Mebutamate,CCC(C)C(C)(COC(N)=O)COC(N)=O,77.0,<rdkit.Chem.rdchem.Mol object at 0x2ab9556d9460>,CCC(C)C(C)(COC(N)=O)COC(N)=O
Mecloqualone,Cc2nc1ccccc1c(=O)n2c3ccccc3Cl,126.0,<rdkit.Chem.rdchem.Mol object at 0x2ab9556d94c0>,Cc1nc2ccccc2c(=O)n1-c1ccccc1Cl
Mephenytoin,CCC1(NC(=O)N(C)C1=O)c2ccccc2,136.0,<rdkit.Chem.rdchem.Mol object at 0x2ab9556d9520>,CCC1(c2ccccc2)NC(=O)N(C)C1=O
Mephobarbital,CCC1(C(=O)NC(=O)N(C)C1=O)c2ccccc2,176.0,<rdkit.Chem.rdchem.Mol object at 0x2ab9556d9580>,CCC1(c2ccccc2)C(=O)NC(=O)N(C)C1=O
Meprobamate,CCCC(C)(COC(N)=O)COC(N)=O,104.0,<rdkit.Chem.rdchem.Mol object at 0x2ab9556d95e0>,CCCC(C)(COC(N)=O)COC(N)=O
Methdilazine,CN1CCC(C1)CN3c2ccccc2Sc4ccccc34,87.0,<rdkit.Chem.rdchem.Mol object at 0x2ab9556d9640>,CN1CCC(CN2c3ccccc3Sc3ccccc32)C1
Methetoin,CCC1(NC(=O)N(C)C1=O)c2ccccc2,210.0,<rdkit.Chem.rdchem.Mol object at 0x2ab9556d96a0>,CCC1(c2ccccc2)NC(=O)N(C)C1=O
Metolazone,CC2Nc1cc(Cl)c(cc1C(=O)N2c3ccccc3C)S(N)(=O)=O,252.0,<rdkit.Chem.rdchem.Mol object at 0x2ab9556d9700>,Cc1ccccc1N1C(=O)c2cc(S(N)(=O)=O)c(Cl)cc2NC1C
Metralindole,COc4ccc3n1CCN(C)C2=NCCc(c12)c3c4,164.0,<rdkit.Chem.rdchem.Mol object at 0x2ab9556d9760>,COc1ccc2c(c1)c1c3n2CCN(C)C3=NCC1
Moricizine,CCOC(=O)Nc4ccc3Sc1ccccc1N(C(=O)CCN2CCOCC2)c3c4,156.0,<rdkit.Chem.rdchem.Mol object at 0x2ab9556d97c0>,CCOC(=O)Nc1ccc2c(c1)N(C(=O)CCN1CCOCC1)c1ccccc1S2
Morphazinamide,O=C(NCN1CCOCC1)c2cnccn2,118.5,<rdkit.Chem.rdchem.Mol object at 0x2ab9556d9820>,O=C(NCN1CCOCC1)c1cnccn1
Nabumetone,COc2ccc1cc(CCC(C)=O)ccc1c2,80.0,<rdkit.Chem.rdchem.Mol object at 0x2ab9556d9880>,COc1ccc2cc(CCC(C)=O)ccc2c1
Nomifensine,CN3CC(c1ccccc1)c2cccc(N)c2C3,179.0,<rdkit.Chem.rdchem.Mol object at 0x2ab9556d98e0>,CN1Cc2c(N)cccc2C(c2ccccc2)C1
Ondansetron,Cc1nccn1CC2CCc4c(C2=O)c3ccccc3n4C,231.0,<rdkit.Chem.rdchem.Mol object at 0x2ab9556d9940>,Cc1nccn1CC1CCc2c(c3ccccc3n2C)C1=O
Oxaprozin,OC(=O)CCc2nc(c1ccccc1)c(o2)c3ccccc3,160.5,<rdkit.Chem.rdchem.Mol object at 0x2ab9556d99a0>,O=C(O)CCc1nc(-c2ccccc2)c(-c2ccccc2)o1
Oxazolam,CC3CN2CC(=O)Nc1ccc(Cl)cc1C2(O3)c4ccccc4,186.0,<rdkit.Chem.rdchem.Mol object at 0x2ab9556d9a00>,CC1CN2CC(=O)Nc3ccc(Cl)cc3C2(c2ccccc2)O1
Pazufloxacin,CC1COc2c(c(F)cc3c(=O)c(cn1c23)C(O)=O)C4(N)CC4,269.0,<rdkit.Chem.rdchem.Mol object at 0x2ab9556d9a60>,CC1COc2c(C3(N)CC3)c(F)cc3c(=O)c(C(=O)O)cn1c23
Penbutolol,CC(C)(C)NCC(O)COc1ccccc1C2CCCC2,68.0,<rdkit.Chem.rdchem.Mol object at 0x2ab9556d9ac0>,CC(C)(C)NCC(O)COc1ccccc1C1CCCC1
Perciyazine,N1(c2c(ccc(c2)C#N)Sc2c1cccc2)CCCN1CCC(O)CC1 ,116.0,<rdkit.Chem.rdchem.Mol object at 0x2ab9556d9b20>,N#Cc1ccc2c(c1)N(CCCN1CCC(O)CC1)c1ccccc1S2
Phenadoxone,CCC(=O)C(CC(C)N1CCOCC1)(c2ccccc2)c3ccccc3,75.0,<rdkit.Chem.rdchem.Mol object at 0x2ab9556d9b80>,CCC(=O)C(CC(C)N1CCOCC1)(c1ccccc1)c1ccccc1
Phenazopyridine,Nc2ccc(N=Nc1ccccc1)c(N)n2,139.0,<rdkit.Chem.rdchem.Mol object at 0x2ab9556d9be0>,Nc1ccc(N=Nc2ccccc2)c(N)n1
Phenytoin,O=C1NC(=O)C(N1)(c2ccccc2)c3ccccc3,295.0,<rdkit.Chem.rdchem.Mol object at 0x2ab9556d9c40>,O=C1NC(=O)C(c2ccccc2)(c2ccccc2)N1
Plafibride,CC(C)(Oc1ccc(Cl)cc1)C(=O)NC(=O)NCN2CCOCC2,100.0,<rdkit.Chem.rdchem.Mol object at 0x2ab9556d9ca0>,CC(C)(Oc1ccc(Cl)cc1)C(=O)NC(=O)NCN1CCOCC1
Primidone,CCC1(C(=O)NCNC1=O)c2ccccc2,281.0,<rdkit.Chem.rdchem.Mol object at 0x2ab9556d9d00>,CCC1(c2ccccc2)C(=O)NCNC1=O
Probenecid,CCCN(CCC)S(=O)(=O)c1ccc(cc1)C(O)=O,198.0,<rdkit.Chem.rdchem.Mol object at 0x2ab9556d9d60>,CCCN(CCC)S(=O)(=O)c1ccc(C(=O)O)cc1
Proglumide,CCCN(CCC)C(=O)C(CCC(O)=O)NC(=O)c1ccccc1,142.0,<rdkit.Chem.rdchem.Mol object at 0x2ab9556d9dc0>,CCCN(CCC)C(=O)C(CCC(=O)O)NC(=O)c1ccccc1
Propizepine,CC(CN2C(=O)c1cccnc1Nc3ccccc23)N(C)C,122.0,<rdkit.Chem.rdchem.Mol object at 0x2ab9556d9e20>,CC(CN1C(=O)c2cccnc2Nc2ccccc21)N(C)C
Pyrinoline,OC(C1=CC(C=C1)=C(c2ccccn2)c3ccccn3)(c4ccccn4)c5ccccn5,146.5,<rdkit.Chem.rdchem.Mol object at 0x2ab9556d9e80>,OC(C1=CC(=C(c2ccccn2)c2ccccn2)C=C1)(c1ccccn1)c1ccccn1
Salacetamide,CC(=O)NC(=O)c1ccccc1O,148.0,<rdkit.Chem.rdchem.Mol object at 0x2ab9556d9ee0>,CC(=O)NC(=O)c1ccccc1O
Simetride,CCCc3ccc(OCC(=O)N1CCN(CC1)C(=O)COc2ccc(CCC)cc2OC)c(OC)c3,128.0,<rdkit.Chem.rdchem.Mol object at 0x2ab9556d9f40>,CCCc1ccc(OCC(=O)N2CCN(C(=O)COc3ccc(CCC)cc3OC)CC2)c(OC)c1
Skf105657,O=CC(=CC1=CCC2C3C1(CC2)CC1C(C)(CC3)C(CC1)C(=O)NC(C)(C)C)O,257.0,<rdkit.Chem.rdchem.Mol object at 0x2ab9556d9fa0>,CC(C)(C)NC(=O)C1CCC2CC34CCC(CC=C3C=C(O)C=O)C4CCC21C
Sulthiame,NS(=O)(=O)c1ccc(cc1)N2CCCCS2(=O)=O,180.0,<rdkit.Chem.rdchem.Mol object at 0x2ab9556d2040>,NS(=O)(=O)c1ccc(N2CCCCS2(=O)=O)cc1
Sumatriptan,CNS(=O)(=O)Cc2ccc1[nH]cc(CCN(C)C)c1c2,169.0,<rdkit.Chem.rdchem.Mol object at 0x2ab9556d20a0>,CNS(=O)(=O)Cc1ccc2[nH]cc(CCN(C)C)c2c1
Terbutaline,CC(C)(C)NCC(O)c1cc(O)cc(O)c1,119.0,<rdkit.Chem.rdchem.Mol object at 0x2ab9556d2100>,CC(C)(C)NCC(O)c1cc(O)cc(O)c1
Testosterone,CC34CCC1C(CCC2=CC(=O)CCC12C)C3CCC4O,153.0,<rdkit.Chem.rdchem.Mol object at 0x2ab9556d2160>,CC12CCC(=O)C=C1CCC1C2CCC2(C)C(O)CCC12
Thenaldine,CN1CCC(CC1)N(Cc2cccs2)c3ccccc3,95.0,<rdkit.Chem.rdchem.Mol object at 0x2ab9556d21c0>,CN1CCC(N(Cc2cccs2)c2ccccc2)CC1
Tirofiban,CCCCS(=O)(=O)NC(Cc2ccc(OCCCCC1CCNCC1)cc2)C(O)=O,223.0,<rdkit.Chem.rdchem.Mol object at 0x2ab9556d2220>,CCCCS(=O)(=O)NC(Cc1ccc(OCCCCC2CCNCC2)cc1)C(=O)O
Tolazamide,Cc1ccc(cc1)S(=O)(=O)NC(=O)NN2CCCCCC2,170.0,<rdkit.Chem.rdchem.Mol object at 0x2ab9556d2280>,Cc1ccc(S(=O)(=O)NC(=O)NN2CCCCCC2)cc1
Tolindate,CN(C(=S)Oc2ccc1CCCc1c2)c3cccc(C)c3,94.0,<rdkit.Chem.rdchem.Mol object at 0x2ab9556d22e0>,Cc1cccc(N(C)C(=S)Oc2ccc3c(c2)CCC3)c1
Torsemide,CC(C)NC(=O)NS(=O)(=O)c1cnccc1Nc2cccc(C)c2,163.0,<rdkit.Chem.rdchem.Mol object at 0x2ab9556d2340>,Cc1cccc(Nc2ccncc2S(=O)(=O)NC(=O)NC(C)C)c1
Trimipramine,CC(CN(C)C)CN2c1ccccc1CCc3ccccc23,45.0,<rdkit.Chem.rdchem.Mol object at 0x2ab9556d23a0>,CC(CN(C)C)CN1c2ccccc2CCc2ccccc21
Tulobuterol,CC(C)(C)NCC(O)c1ccccc1Cl,89.0,<rdkit.Chem.rdchem.Mol object at 0x2ab9556d2400>,CC(C)(C)NCC(O)c1ccccc1Cl
Ubenimex,CC(C)CC(NC(=O)C(O)C(N)Cc1ccccc1)C(O)=O,233.0,<rdkit.Chem.rdchem.Mol object at 0x2ab9556d2460>,CC(C)CC(NC(=O)C(O)C(N)Cc1ccccc1)C(=O)O
Ujothion,OC(=O)CN1CSC(=S)N(C1)Cc2ccccc2,152.0,<rdkit.Chem.rdchem.Mol object at 0x2ab9556d24c0>,O=C(O)CN1CSC(=S)N(Cc2ccccc2)C1
Ursodiol,CC13CCC(O)CC1CC(O)C4C2CCC(C(C)CCC(=O)O)C2(C)CCC34,203.0,<rdkit.Chem.rdchem.Mol object at 0x2ab9556d2520>,CC(CCC(=O)O)C1CCC2C3C(O)CC4CC(O)CCC4(C)C3CCC12C
Valnoctamide,CCC(C)C(CC)C(N)=O,113.5,<rdkit.Chem.rdchem.Mol object at 0x2ab9556d2580>,CCC(C)C(CC)C(N)=O
Vamicamide,CC(CC(C(N)=O)(c1ccccc1)c2ccccn2)N(C)C,156.0,<rdkit.Chem.rdchem.Mol object at 0x2ab9556d25e0>,CC(CC(C(N)=O)(c1ccccc1)c1ccccn1)N(C)C
Verazide,COc2ccc(C=NNC(=O)c1ccncc1)cc2OC,189.0,<rdkit.Chem.rdchem.Mol object at 0x2ab9556d2640>,COc1ccc(C=NNC(=O)c2ccncc2)cc1OC
Vigabatrin,NC(CCC(O)=O)C=C,209.0,<rdkit.Chem.rdchem.Mol object at 0x2ab9556d26a0>,C=CC(N)CCC(=O)O
Vinconate,CCN1CCc3c2C1CC=C(C(=O)OC)n2c4ccccc34,120.0,<rdkit.Chem.rdchem.Mol object at 0x2ab9556d2700>,CCN1CCc2c3n(c4ccccc24)C(C(=O)OC)=CCC31
Ximoprofen,CC(C(O)=O)c1ccc(cc1)C2CCCC(C2)=NO,178.0,<rdkit.Chem.rdchem.Mol object at 0x2ab9556d2760>,CC(C(=O)O)c1ccc(C2CCCC(=NO)C2)cc1
Xylometazoline,Cc1cc(cc(C)c1CC2=NCCN2)C(C)(C)C,131.0,<rdkit.Chem.rdchem.Mol object at 0x2ab9556d27c0>,Cc1cc(C(C)(C)C)cc(C)c1CC1=NCCN1
Yohimbine,COC(=O)C4C(O)CCC5CN3CCc1c([nH]c2ccccc12)C3CC45,234.0,<rdkit.Chem.rdchem.Mol object at 0x2ab9556d2820>,COC(=O)C1C(O)CCC2CN3CCc4c([nH]c5ccccc45)C3CC21
Zidovudine,Cc2cn(C1CC(N=[N+]=[N-])C(CO)O1)c(=O)[nH]c2=O,106.0,<rdkit.Chem.rdchem.Mol object at 0x2ab9556d2880>,Cc1cn(C2CC(N=[N+]=[N-])C(CO)O2)c(=O)[nH]c1=O
Zileuton,CC(N(O)C(N)=O)c2cc1ccccc1s2,157.0,<rdkit.Chem.rdchem.Mol object at 0x2ab9556d28e0>,CC(c1cc2ccccc2s1)N(O)C(N)=O
Zolimidine,CS(=O)(=O)c1ccc(cc1)c3cn2ccccc2n3,242.0,<rdkit.Chem.rdchem.Mol object at 0x2ab9556d2940>,CS(=O)(=O)c1ccc(-c2cn3ccccc3n2)cc1
Zotepine,CN(C)CCOC2=Cc1ccccc1Sc3ccc(Cl)cc23,90.0,<rdkit.Chem.rdchem.Mol object at 0x2ab9556d29a0>,CN(C)CCOC1=Cc2ccccc2Sc2ccc(Cl)cc21
